пол,плутон,нептун,уран,сатурн,юпитер,годы в днях
F,2.53.4,3.36.5,18.34.11,26.56.4,26.58.1,23865
M,5.38.2,19.44.12,24.55.2,9.57.4,8.41.1,21590
M,16.41.3,27.1.3,4.52.9,18.9.9,10.50.8,2076
M,,,,,,
M,26.40.4,17.32.6,6.54.2,24.32.12,21.9.10,23573
M,,,,,,
M,29.43.4,18.55.6,13.21.2,2.17.1,17.30.10,29703
M,26.30.4,16.59.6,7.54.2,27.6.12,24.16.10,
M,26.35.4,17.18.6,7.16.2,25.34.12,22.30.10,28940
M,27.12.4,18.21.6,5.53.2,20.50.12,15.9.10,21165
M,29.57.4,19.29.6,12.54.2,1.4.1,18.4.10,27667
M,29.19.4,18.11.6,13.39.2,3.40.1,17.53.10,29559
M,28.32.4,17.10.6,13.30.2,5.0.1,20.36.10,26537
M,27.17.4,18.27.6,5.48.2,20.22.12,14.13.10,28427
M,29.13.4,18.2.6,13.40.2,3.55.1,18.7.10,27608
M,26.29.4,16.45.6,8.24.2,28.12.12,25.21.10,26121
M,26.33.4,16.26.6,9.20.2,0.6.1,26.44.10,28378
M,29.23.4,18.18.6,13.37.2,3.28.1,17.44.10,23572
M,28.37.4,18.16.6,13.33.2,4.56.1,20.14.10,24241
M,26.32.4,16.28.6,9.14.2,29.54.12,26.37.10,21004
M,29.30.4,18.31.6,13.33.2,3.5.1,17.33.10,27076
M,27.11.4,18.21.6,5.53.2,20.52.12,15.13.10,12875
M,26.44.4,17.39.6,6.43.2,24.0.12,20.24.10,11258
M,28.29.4,17.7.6,13.28.2,5.2.1,20.50.10,29627
M,26.34.4,17.14.6,7.24.2,25.52.12,22.53.10,13299
F,27.40.4,18.46.6,5.37.2,18.38.12,10.23.10,23822
M,26.32.4,17.8.6,7.34.2,26.19.12,23.25.10,26081
M,27.30.4,18.42.6,5.38.2,19.1.12,11.19.10,21195
M,29.8.4,21.9.6,9.54.2,28.59.12,1.51.11,24412
M,26.44.4,17.40.6,6.42.2,23.56.12,20.18.10,10467
M,29.17.4,18.9.6,13.39.2,3.44.1,17.56.10,24153
M,0.5.5,20.42.6,11.17.2,28.38.12,22.57.10,12603
F,26.33.4,17.10.6,7.30.2,26.10.12,23.14.10,25597
M,26.39.4,16.17.6,9.56.2,1.11.1,27.11.10,28108
M,0.6.5,20.6.6,12.13.2,29.44.12,19.44.10,19610
M,29.26.4,21.8.6,9.51.2,29.5.12,2.20.11,19186
M,26.43.4,17.38.6,6.45.2,24.6.12,20.32.10,24328
M,26.58.4,16.10.6,11.9.2,3.7.1,27.3.10,27680
M,27.37.4,18.44.6,5.38.2,18.50.12,10.52.10,21675
F,29.57.4,19.30.6,12.53.2,1.1.1,18.7.10,28474
F,27.46.4,18.50.6,5.37.2,18.12.12,9.16.10,18229
F,29.15.4,18.5.6,13.40.2,3.51.1,18.2.10,28350
M,0.4.5,20.46.6,11.9.2,28.32.12,23.30.10,20872
F,29.45.4,21.7.6,10.15.2,28.28.12,28.31.10,23463
F,28.5.4,16.44.6,13.8.2,5.7.1,22.39.10,29096
M,0.7.5,20.20.6,11.54.2,29.16.12,20.44.10,29405
M,29.46.4,21.7.6,10.15.2,28.27.12,28.26.10,27839
F,29.56.4,19.27.6,12.56.2,1.9.1,18.1.10,13445
M,27.27.4,18.36.6,5.41.2,19.35.12,12.35.10,28651
F,26.34.4,16.24.6,9.26.2,0.18.1,26.50.10,20033
M,29.57.4,20.58.6,10.43.2,28.21.12,25.36.10,27246
M,29.8.4,17.55.6,13.41.2,4.6.1,18.20.10,23062
F,27.46.4,18.50.6,5.37.2,18.14.12,9.21.10,28396
F,26.54.4,16.10.6,10.55.2,2.47.1,27.12.10,25795
M,27.38.4,18.45.6,5.37.2,18.46.12,10.43.10,26540
M,27.36.4,16.23.6,12.29.2,4.43.1,24.53.10,20550
M,27.17.4,16.14.6,11.54.2,4.7.1,26.9.10,27437
M,28.49.4,17.30.6,13.39.2,4.41.1,19.23.10,28252
M,26.53.4,17.56.6,6.21.2,22.47.12,18.34.10,29955
M,27.14.4,18.24.6,5.50.2,20.37.12,14.44.10,24438
F,0.0.5,19.40.6,12.44.2,0.40.1,18.26.10,22561
M,29.54.4,21.2.4,10.33.2,28.1.12,26.30.10,25974
M,27.28.4,16.19.6,12.15.2,4.30.1,25.28.10,28633
M,26.32.4,16.27.6,9.17.2,29.59.12,26.40.10,29850
M,26.29.4,16.50.6,8.13.2,27.49.12,25.0.10,28855
M,26.50.4,17.51.6,6.26.2,23.6.12,19.3.10,21859
M,29.47.4,21.6.6,10.17.2,28.26.12,28.11.10,28595
M,29.26.4,21.8.6,9.51.2,29.5.12,2.20.11,23160
M,29.27.4,21.8.6,9.52.2,29.2.12,2.6.11,29457
M,27.54.4,18.53.6,5.38.2,17.44.12,7.57.10,27241
M,28.28.4,17.6.6,13.28.2,5.2.1,20.52.10,19183
M,29.57.4,20.59.6,10.42.2,28.1.12,25.43.10,20499
M,0.7.5,20.27.6,11.43.2,29.3.12,21.20.10,29532
M,26.34.4,16.24.6,9.28.2,0.20.1,26.51.10,25448
M,29.32.4,21.9.6,9.57.2,28.51.12,1.14.11,17628
M,27.14.4,16.13.6,11.48.2,3.59.1,26.19.10,26710
M,29.20.4,18.14.6,13.38.2,3.36.1,17.49.10,23361
M,27.22.4,16.16.6,12.4.2,4.18.1,25.50.10,23619
M,0.7.5,20.34.6,11.32.2,28.51.12,22.1.10,19764
M,27.4.4,16.11.6,11.25.2,3.30.1,26.48.10,25933
M,0.5.5,19.55.6,12.27.2,0.8.1,19.7.10,27605
F,27.52.4,18.53.6,5.38.2,17.54.12,8.25.10,13291
M,29.31.4,18.32.6,13.33.2,3.3.1,17.33.10,25816
M,29.57.4,21.0.6,10.41.2,28.21.12,25.51.10,23173
M,27.20.4,18.30.6,5.46.2,20.10.12,13.49.10,28617
M,26.31.4,17.0.6,7.51.2,26.59.12,24.9.10,26040
M,27.59.4,16.39.6,13.1.2,5.5.1,23.10.10,28158
M,29.57.4,19.29.6,12.54.2,1.3.1,18.5.10,29778
F,28.53.4,17.35.6,13.40.2,4.36.1,19.12.10,23337
M,27.25.4,16.18.6,12.10.2,4.25.1,25.39.10,20515
F,27.3.4,16.11.6,11.22.2,3.26.1,26.52.10,28366
M,29.21.4,18.14.6,13.39.2,3.37.1,17.50.10,11964
M,27.10.4,18.19.6,5.56.2,21.4.12,15.35.10,24064
M,27.23.4,18.33.6,5.44.2,19.54.12,13.15.10,10976
M,29.53.4,21.3.6,10.31.2,28.21.12,26.46.10,25758
F,29.37.4,21.9.6,10.3.2,28.41.12,0.14.11,17739
F,29.55.4,19.22.6,13.1.2,1.20.1,17.54.10,27395
M,26.44.4,17.39.6,6.44.2,24.4.12,20.29.10,24762
M,28.42.4,17.21.6,13.36.2,4.51.1,19.56.10,15881
M,27.19.4,18.29.6,5.47.2,20.13.12,13.55.10,21486
M,27.7.4,18.16.6,5.58.2,21.17.12,15.59.10,27266
F,27.20.4,18.30.6,5.46.2,20.9.12,13.47.10,25920
F,0.8.5,20.24.6,11.48.2,29.9.12,21.3.10,26817
M,28.58.4,17.42.6,13.41.2,4.27.1,18.52.10,21704
M,27.11.4,18.20.6,5.54.2,20.58.12,15.23.10,17397
F,29.38.4,18.44.6,13.27.2,2.40.1,17.29.10,21077
M,28.41.4,17.20.6,13.36.2,4.52.1,19.58.10,27345
M,0.1.5,19.43.6,12.41.2,0.35.1,18.33.10,28633
F,27.29.4,18.38.6,5.41.2,19.27.12,12.17.10,10598
M,27.0.4,18.6.6,6.9.2,22.4.12,17.21.10,18685
F,26.35.4,16.23.6,9.33.2,0.29.1,26.56.10,11903
M,26.34.4,17.15.6,7.24.2,25.53.12,22.53.10,26701
F,29.6.4,17.52.6,13.41.2,4.12.1,18.28.10,25100
M,27.9.4,16.12.6,11.35.2,3.44.1,26.37.10,22416
M,27.33.4,18.41.6,5.39.2,19.9.12,11.37.10,20125
M,27.43.4,18.48.6,5.37.2,18.25.1,9.50.10,17813
F,29.52.4,19.14.6,13.7.2,1.36.1,17.44.10,23186
F,29.57.4,20.59.6,10.41.2,28.21.12,25.48.10,25593
F,0.6.5,20.6.6,12.14.2,29.46.12,19.42.10,29833
M,27.24.4,16.17.6,12.7.2,4.22.1,25.45.10,26513
M,29.43.4,21.8.6,10.12.2,28.31.12,28.58.10,22731
M,27.31.4,16.20.6,12.20.2,4.35.1,25.15.10,23521
M,27.36.4,16.23.6,12.28.2,4.43.1,24.55.10,26042
M,28.42.4,17.21.6,13.36.2,4.51.1,19.56.10,27221
F,26.30.4,16.55.6,8.4.2,27.27.12,24.38.10,28675
M,29.8.4,17.55.6,13.41.2,4.8.1,18.22.10,28266
M,29.59.4,19.34.6,12.50.2,0.54.1,18.13.10,27388
M,26.30.4,16.39.6,8.42.2,28.51.12,25.53.10,26509
M,28.15.4,16.53.6,13.17.2,5.8.1,21.55.10,24689
M,27.3.4,16.11.6,11.22.2,3.26.1,26.52.10,27094
M,26.35.4,16.23.6,9.32.2,0.28.1,26.55.10,26128
M,0.7.5,20.32.6,11.36.2,28.55.12,21.45.10,18697
M,0.7.5,20.8.6,12.11.2,29.41.12,19.51.10,28057
F,29.58.4,20.58.6,10.44.2,28.22.12,25.33.10,24802
M,27.28.4,16.19.6,12.14.2,4.29.1,25.29.10,27443
M,0.8.5,20.24.6,11.48.2,29.9.12,21.3.10,18149
M,27.14.4,16.13.6,11.46.2,3.57.1,26.22.10,27730
M,26.34.4,16.24.6,9.29.2,0.23.1,26.53.10,9946
M,26.46.4,17.43.6,6.39.2,23.47.12,20.5.10,21632
M,26.30.4,16.41.6,8.37.2,28.40.12,25.45.10,27008
F,26.57.4,18.2.6,6.14.2,22.21.12,17.50.10,29882
M,26.45.4,16.14.6,10.22.2,1.56.1,27.19.10,24830
M,26.44.4,16.14.6,10.19.2,1.50.1,27.19.10,21216
M,28.15.4,16.33.6,9.19.2,19.15.12,15.56.9,29048
M,25.41.4,13.59.6,7.20.2,21.29.12,21.9.9,28657
M,25.41.4,15.56.6,2.7.2,10.47.12,20.5.9,23795
M,25.11.4,14.18.6,5.11.2,18.22.12,24.17.9,19278
M,28.37.4,18.47.6,6.35.2,15.49.12,28.33.9,20602
M,26.47.4,14.36.6,9.9.2,22.27.12,15.53.9,12543
M,25.42.4,15.58.6,2.4.2,10.38.12,19.54.9,28485
M,26.7.4,14.8.6,8.17.2,22.20.12,18.37.9,29529
M,26.8.4,16.26.6,1.38.2,8.14.12,16.22.9,27505
M,28.11.4,16.24.6,9.23.2,19.33.12,15.37.9,24075
F,28.46.4,18.19.6,7.28.2,16.1.12,23.50.9,23042
M,25.27.4,15.33.6,2.36.2,12.30.12,21.57.9,30270
M,28.26.4,16.54.6,9.5.2,18.31.12,16.53.9,13218
M,25.11.4,14.18.6,5.11.2,18.22.12,24.17.9,19278
M,27.24.4,15.16.6,9.33.2,21.41.12,14.39.9,26259
F,28.44.4,17.56.6,8.3.2,16.34.12,21.13.9,28156
M,28.17.4,18.58.6,5.56.2,16.30.12,3.31.10,25629
F,26.38.4,16.44.6,1.35.2,6.2.12,11.54.9,24364
F,25.47.4,16.4.6,1.57.2,10.8.12,19.15.9,30239
M,25.12.4,14.16.6,5.20.2,18.37.12,24.12.9,29693
M,27.13.4,15.3.6,9.29.2,21.59.12,14.51.9,27417
M,25.38.4,15.51.6,2.13.2,11.10.12,20.33.9,28197
M,27.50.4,15.51.6,9.34.2,20.40.12,14.46.9,23063
M,28.40.4,18.43.6,6.45.2,15.47.12,27.33.9,19948
M,25.40.4,15.55.6,2.8.2,10.51.12,20.10.9,29070
M,25.24.4,15.27.6,2.45.2,12.57.12,22.22.9,11722
F,28.42.4,17.45.6,8.16.2,16.52.12,20.17.9,22530
M,25.26.4,14.1.6,6.33.2,20.30.12,22.44.9,13734
M,28.4.4,16.12.6,9.28.2,19.57.12,15.14.9,19048
M,26.1.4,16.19.6,1.43.2,8.50.12,17.22.9,21251
F,26.44.4,14.34.6,9.7.2,22.29.12,16.1.9,26628
M,27.4.4,14.53.6,9.23.2,22.12.12,15.8.9,20799
M,25.12.4,14.55.6,3.40.2,15.18.12,23.57.9,26244
M,28.10.4,16.22.6,9.24.2,19.37.12,15.33.9,24833
F,26.22.4,14.17.6,8.40.2,22.30.12,17.28.9,29848
F,28.35.4,17.19.6,8.44.2,17.41.12,18.19.9,28266
M,28.42.4,18.37.6,6.57.2,15.47.12,26.28.9,24718
M,28.45.4,18.6.6,7.49.2,16.19.12,22.13.9,28590
M,28.13.4,16.29.6,9.21.2,19.24.12,15.46.9,24640
M,28.19.4,16.41.6,9.14.2,18.59.12,16.15.9,18455
M,28.6.4,16.15.6,9.27.2,19.51.12,15.19.9,29055
M,25.26.4,15.32.6,2.38.2,12.36.12,22.3.9,22232
M,28.37.4,17.24.6,8.39.2,17.30.12,18.41.9,9313
M,28.38.4,17.28.6,8.35.2,17.24.12,18.55.9,27467
M,28.34.4,18.50.6,6.25.2,15.53.12,29.32.9,19126
M,28.12.4,16.27.6,9.22.2,19.27.12,15.43.9,8184
M,25.29.4,14.0.6,6.45.2,20.47.12,22.22.9,27040
M,25.35.4,13.59.6,7.3.2,21.10.12,21.46.9,27610
F,25.16.4,14.8.6,5.49.2,19.25.12,23.46.9,25728
M,25.22.4,14.4.6,6.15.2,20.5.12,23.13.9,27065
F,25.13.4,14.14.6,5.26.2,18.47.12,24.8.9,19747
M,25.52.4,14.2.6,7.46.2,21.56.12,20.4.9,24697
F,25.35.4,15.46.6,2.18.2,11.30.12,20.56.9,21880
M,25.34.4,15.45.6,2.20.2,11.36.12,21.2.9,23875
M,25.43.4,15.58.6,2.4.2,10.36.12,19.51.9,23841
M,26.21.4,16.35.6,1.33.2,7.13.12,14.29.9,23226
M,28.46.4,18.16.6,7.34.2,16.5.12,23.23.9,19966
M,26.8.4,14.8.6,8.17.2,22.20.12,18.36.9,29540
F,26.35.4,1.27.6,8.57.2,22.32.12,16.33.9,29765
F,28.45.4,18.27.6,7.16.2,15.54.12,24.49.9,28529
M,25.9.4,14.32.6,4.30.2,17.6.12,24.26.9,24345
M,25.55.4,16.13.6,1.48.2,9.23.12,18.12.9,27078
M,25.11.4,14.19.6,5.7.2,18.15.12,24.19.9,28297
M,25.27.4,15.33.6,2.36.2,12.29.12,21.56.9,25778
F,27.33.4,15.26.6,9.35.2,21.24.12,14.35.9,14434
M,26.23.4,16.37.6,1.33.2,7.5.12,14.13.9,28887
M,27.24.4,15.15.6,9.33.2,21.42.12,14.40.9,13261
M,28.1.4,16.8.6,9.30.2,20.7.12,15.6.9,29946
M,25.18.4,14.6.6,5.58.2,19.40.12,23.35.9,26071
M,28.5.4,18.57.6,5.44.2,17.8.12,6.0.10,15649
M,25.32.4,13.59.6,6.55.2,21.0.12,22.2.9,20588
M,25.41.4,15.56.6,2.6.2,10.45.12,20.2.9,23449
F,28.4.4,18.57.6,5.43.2,17.11.12,6.13.10,29247
F,25.15.4,14.10.6,5.41.2,19.13.12,23.54.9,28687
M,26.34.4,16.42.6,1.34.2,6.16.12,12.27.9,22428
M,28.45.4,18.21.6,7.25.2,15.59.12,24.6.9,24612
M,25.9.4,14.31.6,4.35.2,17.14.12,24.26.9,20892
M,28.3.4,18.57.6,5.43.2,17.13.12,6.18.10,22349
M,25.55.4,16.13.6,1.49.2,9.25.12,18.15.9,28100
M,27.14.4,15.4.6,9.29.2,21.59.12,14.51.9,29133
M,28.25.4,15.53.6,9.5.2,18.32.12,16.51.9,25944
M,28.28.4,18.55.6,6.12.2,16.4.12,1.7.10,26687
M,25.13.4,14.15.6,5.23.2,18.42.12,24.10.9,19220
M,26.32.4,14.24.6,8.53.2,22.32.12,16.44.9,25897
M,25.26.4,15.32.6,2.38.2,12.35.12,22.2.9,21260
M,25.13.4,14.14.6,5.26.2,18.48.12,24.7.9,23701
M,26.49.4,14.38.6,9.11.2,22.26.12,15.46.9,21801
M,25.24.4,15.28.6,2.44.2,12.53.12,22.19.9,25200
M,25.43.4,15.58.6,2.4.2,10.36.12,19.52.9,26839
M,26.16.4,16.32.6,1.35.2,7.36.12,15.14.9,21510
M,27.38.4,15.33.6,9.35.2,21.12.12,14.36.9,25903
F,25.35.4,15.47.6,2.17.2,11.26.12,20.51.9,26130
M,26.9.4,16.27.6,1.38.2,8.10.12,16.14.9,16627
M,25.32.4,15.42.6,2.24.2,11.50.12,21.17.9,24633
M,25.21.4,15.22.6,2.54.2,13.21.12,22.42.9,16797
M,27.25.4,15.17.6,9.33.2,21.39.12,14.39.9,8960
F,25.15.4,14.10.6,5.41.2,19.13.12,23.54.9,13298
M,26.10.4,14.10.6,8.22.2,22.22.12,18.22.9,24918
M,28.12.4,16.27.6,9.22.2,19.28.12,15.41.9,25453
M,28.25.4,16.54.6,9.5.2,18.31.12,16.53.9,21461
M,27.13.4,15.3.6,9.29.2,22.0.12,14.51.9,18783
M,28.3.4,16.11.6,9.29.2,20.1.12,15.11.9,8730
M,26.26.4,16.38.6,1.33.2,6.52.12,13.47.9,27459
M,25.32.4,15.42.6,2.24.2,11.49.12,21.17.9,13300
M,25.46.4,16.2.6,2.0.2,10.17.12,19.27.9,30158
M,28.42.4,17.42.6,8.20.2,16.58.12,20.0.9,27903
M,25.33.4,15.44.6,2.21.2,11.39.12,21.6.9,14648
M,25.36.4,13.59.6,7.7.2,21.14.12,21.38.9,25619
M,28.43.4,17.47.6,8.14.2,16.49.12,20.25.9,26229
M,27.19.4,15.9.6,9.31.2,21.51.12,14.44.9,26237
M,26.31.4,16.41.6,1.33.2,6.31.12,13.1.9,26011
M,28.28.4,18.55.6,6.13.2,16.4.12,1.3.10,17218
M,26.6.4,16.24.6,1.40.2,8.27.12,16.43.9,12633
M,26.0.4,14.5.6,8.3.2,22.10.12,19.17.9,23351
M,25.18.4,15.14.6,3.5.2,13.52.12,23.6.9,29192
M,25.50.4,16.7.6,1.54.2,9.54.12,18.55.9,29053
M,25.24.4,14.2.6,6.26.2,20.21.12,22.55.9,26010
F,25.9.4,14.31.6,4.33.2,17.11.12,24.26.9,21932
M,28.46.4,18.19.6,7.29.2,16.1.12,23.47.9,19138
M,28.43.4,18.34.6,7.3.2,15.49.12,25.55.9,20846
M,26.6.4,14.8.6,8.15.2,22.19.12,18.42.9,23949
M,28.44.4,17.52.6,8.8.2,16.41.12,20.51.9,28258
M,25.27.4,14.1.6,6.37.2,20.37.12,22.36.9,29470
M,25.10.4,14.38.6,4.17.2,16.39.12,24.22.9,21956
M,25.12.4,14.54.6,3.43.2,15.25.12,24.0.9,28525
M,26.23.4,14.17.6,8.41.2,22.30.12,17.24.9,18165
F,28.44.4,18.29.6,7.12.2,15.52.12,25.8.9,26609
M,26.26.4,14.20.6,8.46.2,22.31.12,17.8.9,23966
M,28.41.4,18.40.6,6.51.2,15.47.12,27.0.9,28434
M,25.10.4,14.27.6,4.44.2,17.32.12,24.26.9,26202
F,26.4.4,14.7.6,8.11.2,22.16.12,18.55.9,30189
M,25.29.4,15.38.6,2.30.2,12.10.12,21.37.9,10273
M,26.2.4,14.6.6,8.7.2,22.13.12,19.5.9,17821
M,25.11.4,14.51.6,3.49.2,15.39.12,24.6.9,16545
M,25.15.4,15.6.6,3.20.2,14.31.12,23.32.9,25840
M,28.19.4,16.41.6,9.14.2,18.58.12,16.17.9,27486
M,26.29.4,16.40.6,1.33.2,6.40.12,13.22.9,24530
M,25.1.4,14.23.6,27.31.1,26.18.11,18.52.8,29905
M,27.14.4,15.7.6,4.36.2,4.45.12,21.45.8,29019
M,25.38.4,12.38.6,5.18.2,9.35.12,13.31.8,26731
M,27.22.4,16.23.6,2.53.2,3.32.12,0.45.9,25500
F,27.21.4,15.33.6,4.7.2,4.5.12,24.13.8,23655
F,25.17.4,12.17.6,4.59.2,10.3.12,13.28.8,25745
M,26.43.4,14.3.6,5.21.2,6.49.12,17.2.8,19575
M,26.5.4,13.8.6,5.30.2,8.41.12,14.20.8,23127
M,26.7.4,13.10.6,5.30.2,8.37.12,14.24.8,17199
M,23.58.4,13.0.6,29.13.1,3.8.12,23.17.8,25408
M,25.15.4,12.16.6,4.57.2,10.4.12,13.29.8,19629
M,24.19.4,13.38.6,28.14.1,0.18.12,22.37.8,22969
M,24.42.4,14.7.6,27.42.1,27.55.11,20.48.8,21275
M,24.8.4,11.49.6,2.45.2,9.8.12,17.42.8,30593
M,26.54.4,14.22.6,5.12.2,6.10.12,18.15.8,27434
F,27.25.4,16.4.6,3.25.2,2.34.12,27.50.8,27626
M,27.19.4,15.23.6,4.19.2,4.20.12,23.12.8,22581
F,24.1.4,11.52.6,2.14.2,8.32.12,18.51.8,24690
M,25.33.4,12.32.6,5.14.2,9.44.12,13.27.8,27724
M,24.21.4,13.41.6,28.11.1,0.5.12,22.30.8,11669
M,26.53.4,14.20.6,5.12.2,6.13.12,18.10.8,21300
M,26.43.4,14.2.6,5.21.2,6.49.12,17.1.8,22889
M,25.9.4,14.28.6,27.30.1,25.40.11,17.57.8,18950
M,24.14.4,13.31.6,28.24.1,0.51.12,22.52.8,24566
M,24.34.4,11.51.6,3.55.2,10.4.12,15.5.8,28054
M,24.7.4,11.49.6,2.41.2,9.4.12,17.51.8,22330
F,25.4.4,12.8.6,4.44.2,10.11.12,13.41.8,9941
F,27.21.4,16.26.6,2.46.2,3.33.12,1.22.9,12356
F,26.21.4,13.28.6,5.31.2,8.0.12,15.11.8,28721
M,27.17.4,15.16.6,4.26.2,4.30.12,22.34.8,21518
M,27.16.4,16.36.6,2.25.2,3.46.12,3.33.9,30199
M,25.6.4,14.26.6,27.30.1,25.54.11,18.18.8,25804
M,24.11.4,11.48.6,2.54.2,9.17.12,17.20.8,28515
M,27.10.4,14.57.6,4.45.2,5.2.12,20.54.8,25971
M,24.37.4,14.2.6,27.47.1,28.24.11,21.15.8,26336
M,25.32.4,12.32.6,5.14.2,9.44.12,13.27.8,21738
M,26.37.4,13.52.6,5.25.2,7.11.12,16.25.8,29421
M,26.30.4,13.41.6,5.28.2,7.33.12,15.50.8,18555
M,27.21.4,15.31.6,4.9.2,4.8.12,24.2.8,27854
M,23.52.4,12.36.6,29.58.1,4.51.12,22.49.8,24494
M,27.4.4,16.45.6,1.58.2,4.24.12,6.55.8,27574
F,26.37.4,13.53.6,5.25.2,7.9.12,16.28.8,27606
M,25.22.4,12.22.6,5.5.2,9.57.12,13.26.8,15415
F,24.17.4,13.36.6,28.17.1,0.28.12,22.42.8,30408
M,26.4.4,13.6.6,5.30.2,8.45.12,14.15.8,26607
M,26.8.4,13.11.6,5.30.2,8.34.12,14.28.8,22200
M,24.35.4,14.0.6,27.49.1,28.36.11,21.25.8,19790
M,26.19.4,13.26.6,5.31.2,8.4.12,15.6.8,26217
M,24.15.4,11.48.6,3.7.2,9.30.12,16.50.8,28555
M,27.22.4,16.23.6,2.52.2,3.32.12,0.48.9,30301
M,27.6.4,16.44.6,2.2.2,4.16.12,6.19.9,19847
M,27.10.4,14.57.6,4.45.2,5.2.12,20.54.8,17504
M,23.54.4,12.1.6,1.35.2,7.40.12,20.15.8,9231
M,26.14.4,13.19.6,5.31.2,8.19.12,14.46.8,20294
F,25.17.4,14.31.6,27.31.1,25.2.11,16.54.8,30131
M,26.59.4,14.32.6,5.5.2,5.49.12,18.59.8,25640
M,25.18.4,12.19.6,5.1.2,10.1.12,13.27.8,21221
M,27.14.4,15.7.6,4.36.2,4.45.12,21.45.8,19198
M,27.22.4,16.25.6,2.49.2,3.32.12,1.5.9,23095
M,24.34.4,13.59.6,27.51.1,28.41.11,21.30.8,28762
M,24.18.4,13.37.6,28.16.1,0.24.12,22.40.8,7270
M,25.39.4,12.38.6,5.19.2,9.34.12,13.32.8,29586
M,26.46.4,16.46.6,1.39.2,5.28.12,10.26.9,30552
M,24.57.4,12.3.6,4.34.2,10.13.12,13.55.8,18854
F,24.42.4,11.55.6,4.10.2,10.10.12,14.34.8,27187
M,26.11.4,13.15.6,5.31.2,8.27.12,14.36.8,17172
M,27.15.4,16.37.6,2.23.2,3.47.12,3.43.9,22745
M,24.1.4,11.52.6,2.15.2,8.34.12,18.49.8,17319
M,24.44.4,14.9.6,27.41.1,27.47.11,20.39.8,15367
M,27.23.4,16.20.6,2.59.2,3.31.12,0.11.9,24740
M,25.28.4,12.27.6,5.11.2,9.50.12,13.26.8,26957
M,25.32.4,12.31.6,5.14.2,9.44.12,13.27.8,30596
M,27.3.4,14.42.6,4.58.2,5.31.12,19.41.8,24161
M,26.9.4,13.13.6,5.31.2,8.31.12,14.31.8,15461
F,23.51.4,12.9.6,1.5.2,6.53.12,21.14.8,28509
M,27.7.4,14.51.6,4.51.2,5.14.12,20.23.8,19747
F,27.25.4,16.1.6,3.30.2,3.36.12,27.26.8,27407
M,25.9.4,14.27.6,27.30.1,25.41.11,17.59.8,29574
F,24.45.4,11.56.6,4.15.2,10.12.12,14.25.8,9402
M,24.44.4,11.55.6,4.13.2,10.11.12,14.30.8,24473
M,23.54.4,12.45.6,29.39.1,4.9.12,23.6.8,28848
M,23.58.4,12.57.6,29.17.1,3.18.12,23.16.8,29714
M,26.11.4,13.14.6,5.31.2,8.28.12,14.35.8,25741
F,27.24.4,16.15.6,3.6.2,3.31.12,29.28.8,27778
M,23.57.4,11.56.6,1.56.2,8.9.12,19.31.8,23176
M,24.0.4,11.53.6,2.9.2,8.26.12,19.2.8,21858
M,24.55.4,12.1.6,4.31.2,10.13.12,13.59.8,27884
M,27.6.4,16.44.6,2.1.2,4.17.12,6.23.9,29835
M,27.1.4,16.46.6,1.54.2,4.33.12,7.27.9,20216
M,26.44.4,14.4.6,5.21.2,6.46.12,17.7.8,22804
M,24.45.4,14.10.6,27.40.1,27.42.11,20.34.8,18642
M,24.5.4,11.50.6,2.32.2,8.54.12,18.10.8,21820
M,25.7.4,14.26.6,27.30.1,25.49.11,18.11.8,28989
M,24.14.4,13.31.6,28.24.1,0.52.12,22.53.8,21655
M,24.9.4,11.48.6,2.48.2,9.11.12,17.34.8,30024
F,27.15.4,16.37.6,2.22.2,3.48.12,3.48.9,27546
M,24.57.4,14.20.6,27.33.1,26.39.11,19.20.8,19333
M,27.4.4,14.43.6,4.57.2,5.29.12,19.46.8,30657
M,23.52.4,12.6.6,1.16.2,7.10.12,20.53.8,24449
M,24.23.4,11.48.6,3.28.2,9.48.12,16.1.8,28940
M,24.16.4,13.34.6,28.20.1,0.39.12,22.47.8,27658
M,27.12.4,16.40.6,2.15.2,3.56.12,4.41.9,30221
M,25.17.4,14.31.6,27.30.1,25.3.11,16.57.8,20489
M,24.53.4,14.17.6,27.35.1,26.58.11,19.44.8,27811
M,25.13.4,14.29.6,27.30.1,25.22.11,17.29.8,26060
M,27.21.4,15.32.6,4.9.2,4.7.12,24.5.8,26262
F,25.47.4,12.46.6,5.23.2,9.21.12,13.41.8,29119
F,26.50.4,16.46.6,1.42.2,5.15.12,9.47.9,17760
M,24.8.4,11.49.6,2.43.2,9.6.12,17.45.8,26672
M,24.22.4,13.44.6,28.7.1,29.53.11,22.23.8,23953
F,24.3.4,11.51.6,2.22.2,8.42.12,18.33.8,11843
F,23.57.4,12.55.6,29.20.1,3.26.12,23.15.8,30468
M,25.8.4,14.27.6,27.30.1,25.45.11,18.4.8,15561
M,24.24.4,13.46.6,28.5.1,29.45.11,22.17.8,28439
M,27.17.4,16.34.6,2.29.2,3.42.12,3.3.9,28796
M,26.56.4,14.27.6,5.8.2,6.0.12,18.37.8,20391
M,25.47.4,12.46.6,5.23.2,9.21.12,13.41.8,30398
M,24.48.4,14.12.6,27.38.1,27.27.11,20.17.8,15626
M,26.41.4,16.45.6,1.36.2,5.49.12,11.21.9,26694
M,27.24.4,16.16.6,3.5.2,3.30.12,29.38.8,26936
M,26.51.4,16.47.6,1.42.2,5.11.12,9.36.9,17678
M,24.11.4,13.27.6,28.30.1,1.11.12,23.0.8,23034
F,24.53.4,12.1.6,4.29.2,10.13.12,14.2.8,25298
M,27.25.4,16.8.6,3.19.2,3.33.12,28.22.8,24800
F,27.5.4,14.46.6,4.55.2,5.23.12,20.1.8,22114
M,27.15.4,16.37.6,2.22.2,3.48.12,3.51.9,30382
M,24.16.4,13.34.6,28.19.1,0.37.12,22.46.8,28611
F,24.17.4,11.48.6,3.13.2,9.35.12,16.37.8,19443
M,25.0.4,14.22.6,27.31.1,26.22.11,18.58.8,30733
M,27.25.4,16.10.6,3.16.2,3.32.12,28.36.8,30386
M,24.47.4,14.12.6,27.38.1,27.29.11,20.20.8,21613
M,27.5.4,16.45.6,1.59.2,4.21.12,6.41.9,20401
M,23.58.4,11.56.6,1.58.2,8.11.12,19.28.8,30647
M,26.43.4,14.3.6,5.21.2,6.49.12,17.3.8,24252
M,25.2.4,12.6.6,4.41.2,10.12.12,13.45.8,27399
M,26.11.4,13.15.6,5.31.2,8.27.12,14.36.8,17172
M,23.58.4,12.58.6,29.15.1,3.15.12,23.17.8,26330
F,24.38.4,11.53.6,4.3.2,10.8.12,14.49.8,29000
M,24.36.4,11.52.6,3.59.2,10.6.12,14.56.8,28065
M,27.24.4,16.12.6,3.12.2,3.31.12,29.0.8,20229
M,26.29.4,13.40.6,5.29.2,7.35.12,15.47.8,22803
M,25.3.4,14.24.6,27.31.1,26.9.11,18.40.8,19243
M,24.26.4,11.49.6,3.37.2,9.54.12,15.43.8,21664
M,23.51.4,12.10.6,1.4.2,6.52.12,21.15.8,28525
F,26.57.4,14.28.6,5.8.2,5.57.12,18.42.8,30069
F,23.59.4,13.1.6,29.10.1,3.2.12,23.18.8,19228
M,27.1.4,14.36.6,5.2.2,5.41.12,19.17.8,27446
M,24.53.4,14.17.6,27.35.1,26.59.11,19.45.8,25414
M,24.35.4,14.0.6,27.50.1,28.36.11,21.26.8,22385
M,24.6.4,13.17.6,28.44.1,1.54.12,23.12.8,24063
M,24.9.4,13.23.6,28.36.1,1.29.12,23.6.8,26134
F,26.54.4,16.47.6,1.45.2,5.0.12,9.1.9,19652
M,27.0.4,16.46.6,1.53.2,4.36.12,7.41.9,26598
F,25.29.4,12.28.6,5.11.2,9.49.12,13.26.8,24646
M,24.23.4,11.48.6,3.29.2,9.48.12,16.0.8,25132
M,24.7.4,11.49.6,2.42.2,9.5.12,17.48.8,17826
M,26.4.4,14.4.6,28.58.1,21.34.11,5.18.8,19148
M,26.5.4,13.57.6,29.10.1,21.31.11,4.13.8,25412
M,25.55.4,13.1.6,0.23.2,22.6.11,27.35.7,27718
M,23.49.4,10.0.6,0.51.2,27.50.11,13.48.7,27757
M,23.25.4,9.44.6,0.17.2,28.10.11,13.17.7,24381
M,23.47.4,12.13.6,23.29.1,15.12.11,21.50.7,19672
M,22.54.4,11.15.6,24.32.1,20.25.11,22.52.7,22359
M,25.26.4,14.34.6,27.34.1,24.23.11,15.42.8,22252
M,24.33.4,10.43.6,1.24.2,26.27.11,16.17.7,23229
F,22.53.4,9.36.6,29.3.1,27.49.11,14.5.7,13587
M,22.58.4,11.22.6,24.22.1,19.55.11,23.2.7,25515
M,22.57.4,11.21.6,24.24.1,20.2.11,23.0.7,25340
M,25.36.4,14.35.6,27.41.1,23.37.11,14.2.8,27963
F,23.23.4,9.44.6,0.14.2,28.11.11,13.17.7,11993
M,23.52.4,10.2.6,0.55.2,27.47.11,13.54.7,27224
M,24.49.4,11.2.6,1.27.2,25.44.11,17.39.7,
M,25.50.4,14.31.6,28.1.1,22.36.11,11.8.8,
M,23.46.4,9.57.6,0.47.2,27.54.11,13.41.7,28929
M,24.6.4,10.14.6,1.8.2,27.24.11,14.33.7,
F,25.56.4,14.25.6,28.17.1,22.9.11,9.19.8,
M,23.28.4,11.58.6,23.39.1,16.54.11,22.51.7,21853
M,23.26.4,9.45.6,0.19.2,28.10.11,13.18.7,27895
M,25.56.4,13.3.6,0.21.2,22.3.11,27.50.7,29199
M,23.22.4,11.52.6,23.45.1,17.28.11,23.2.7,28928
M,22.45.4,9.39.6,28.32.1,27.23.11,14.53.7,21484
M,25.9.4,11.30.6,1.24.2,24.46.11,19.39.7,29512
M,25.58.4,13.12.6,0.11.2,21.53.11,28.45.7,24823
M,22.40.4,10.46.6,25.19.1,22.28.11,21.37.7,26043
M,23.36.4,9.51.6,0.35.2,28.4.11,13.27.7,28714
M,22.32.4,10.6.6,26.46.1,25.12.11,18.30.7,24449
F,24.27.4,10.36.6,1.22.2,26.41.11,15.50.7,19255
M,23.35.4,12.5.6,23.34.1,16.15.11,22.33.7,22743
F,23.24.4,9.44.6,0.16.2,28.10.11,13.17.7,22154
M,22.35.4,10.30.6,25.49.1,23.31.11,20.37.7,26937
M,23.4.4,11.31.6,24.10.1,19.14.11,23.10.7,24354
M,25.33.4,14.35.6,27.38.1,23.50.11,14.32.8,26133
M,26.2.4,13.26.6,29.54.1,21.40.11,0.16.8,30827
M,26.0.4,13.19.6,0.3.2,21.46.11,29.29.7,18949
M,22.46.4,11.1.6,24.54.1,21.27.11,22.21.7,31248
M,22.32.4,10.13.6,26.28.1,24.42.11,19.11.7,28588
M,22.38.4,10.41.6,25.28.1,22.48.11,21.20.7,30259
M,25.54.4,12.58.6,0.26.2,22.10.11,27.16.7,16549
M,25.8.4,11.29.6,1.24.2,24.48.11,19.35.7,14015
M,24.10.4,10.18.6,1.12.2,27.17.11,14.46.7,28720
M,25.17.4,11.43.6,1.19.2,24.18.11,20.42.7,30812
M,22.39.4,10.45.6,25.20.1,22.30.11,21.35.7,24697
M,25.48.4,12.43.6,0.40.2,22.30.11,25.51.7,29998
M,25.8.4,11.28.6,1.24.2,24.50.11,19.3.7,26885
M,24.28.4,10.37.6,1.22.2,26.38.11,15.55.7,20811
M,22.41.4,9.41.6,28.14.1,27.7.11,15.23.7,28122
F,22.46.4,9.38.6,28.38.1,27.29.11,14.42.7,28722
M,22.51.4,11.11.6,24.38.1,20.43.11,22.45.7,24070
M,24.12.4,10.20.6,1.13.2,27.14.11,14.51.7,20749
M,24.12.4,10.20.6,1.13.2,27.14.11,14.51.7,25386
M,23.46.4,12.12.6,23.29.1,15.20.11,21.56.7,29996
M,25.29.4,12.3.6,1.10.2,23.39.11,22.18.7,21267
F,25.56.4,14.26.6,28.15.1,22.11.11,9.32.8,25240
M,22.34.4,10.26.6,25.58.1,23.50.11,20.16.7,31056
M,23.17.4,11.47.6,23.51.1,17.57.11,23.8.7,28537
M,26.5.4,13.56.6,29.11.1,21.31.11,4.7.8,26329
F,26.5.4,13.50.6,29.21.1,21.30.11,3.13.8,20813
M,23.44.4,12.11.6,23.30.1,15.30.11,22.4.7,24035
M,24.31.4,10.40.6,1.24.2,26.31.11,16.8.7,16216
M,23.4.4,9.36.6,29.33.1,28.4.11,13.34.7,30712
M,25.46.4,12.38.6,0.45.2,22.38.11,25.23.7,12030
M,24.22.4,10.31.6,1.20.2,26.52.11,15.31.7,29446
M,23.13.4,9.39.6,29.54.1,2.10.11,13.20.7,24479
M,24.57.4,11.13.6,1.27.2,25.21.11,18.24.7,27761
F,23.26.4,9.45.6,0.18.2,28.10.11,13.17.7,29559
M,25.3.4,11.21.6,1.26.2,25.4.11,19.0.7,23374
M,24.25.4,10.33.6,1.21.2,26.47.11,15.40.7,26840
F,26.2.4,14.12.6,8.44.1,21.41.11,6.37.8,16137
M,26.1.4,14.15.6,28.38.1,21.46.11,7.11.8,28792
M,24.37.4,10.47.6,1.26.2,26.16.11,16.36.7,30969
M,26.5.4,13.56.6,29.11.1,21.31.11,4.8.8,24839
M,22.41.4,10.50.6,25.12.1,22.11.11,21.51.7,12437
M,23.27.4,11.57.6,23.40.1,17.0.11,22.53.7,31009
M,25.39.4,12.22.6,0.57.2,23.4.11,23.58.7,24417
M,22.32.4,10.7.6,26.43.1,25.8.11,18.36.7,27902
M,25.24.4,14.34.6,27.33.1,24.31.11,15.57.8,30628
M,24.13.4,10.21.6,1.14.2,27.11.11,14.56.7,30094
M,26.5.4,13.47.6,29.25.1,21.30.11,2.51.8,25810
M,24.6.4,10.14.6,1.8.2,27.25.11,14.31.7,29466
M,23.27.4,11.57.6,23.40.1,17.0.11,22.53.7,15562
M,24.24.4,10.32.6,1.20.2,26.48.11,15.37.7,24612
M,24.5.4,10.14.6,1.8.2,27.26.11,14.30.7,27827
F,22.47.4,11.2.6,24.52.1,21.21.11,22.25.7,18118
M,25.38.4,12.20.6,0.59.2,23.7.11,23.49.7,25288
M,22.53.4,11.15.6,24.32.1,20.28.11,22.51.7,28458
M,26.2.4,14.14.6,28.39.1,21.45.11,7.3.8,28029
M,26.4.4,13.39.6,29.37.1,21.33.11,1.48.8,19067
M,22.43.4,9.40..6,28.24.1,27.16.11,15.6.7,
F,23.1.4,11.27.6,24.15.1,19.33.11,23.7.7,30234
M,23.23.4,9.43.6,0.13.2,28.11.11,13.17.7,30563
M,26.0.4,13.19.6,0.3.2,21.46.11,29.30.7,28742
M,22.49.4,11.7.6,24.45.1,21.2.11,22.35.7,24770
M,26.5.4,13.51.6,29.20.1,21.30.11,3.21.8,29372
M,22.50.4,9.37.6,28.52.1,27.40.11,14.21.7,16879
M,22.48.4,9.37.6,28.43.1,27.34.11,14.34.7,29319
M,24.9.4,10.17.6,1.11.2,27.19.11,14.42.7,30826
M,23.44.4,12.11.6,23.30.1,15.29.11,22.3.7,23703
M,22.48.4,9.37.6,28.45.1,27.35.11,14.32.7,23841
F,26.5.4,13.55.6,29.14.1,21.30.11,3.51.8,29531
M,25.56.4,14.26.6,28.15.1,22.11.11,9.29.8,26057
M,26.2.4,13.27.6,29.53.1,21.40.11,0.22.8,26264
M,25.55.4,13.3.6,0.21.2,22.3.11,27.47.7,29302
M,23.17.4,11.48.6,23.50.1,17.53.11,23.8.7,29945
M,22.41.4,10.48.6,25.15.1,22.19.11,21.45.7,25353
M,26.5.4,13.47.6,29.26.1,21.30.11,2.49.8,28026
M,25.30.4,12.4.6,1.9.2,23.37.11,22.24.7,15457
M,25.11.4,11.32.6,1.23.2,24.40.11,19.52.7,26437
M,22.37.4,10.37.6,25.35.1,23.2.11,21.7.7,14778
M,25.22.4,14.33.6,27.32.1,24.38.11,16.12.8,29009
M,25.38.4,12.20.6,0.59.2,23.7.11,23.47.7,22943
M,22.45.4,10.59.6,24.56.1,21.32.11,22.18.7,25674
M,25.29.4,14.35.6,27.36.1,24.7.11,15.8.8,5204
M,22.32.4,10.0.6,27.1.1,25.35.11,17.57.7,30862
M,22.50.4,11.8.6,24.43.1,20.57.11,22.38.7,11837
F,23.34.4,9.50.6,0.32.2,28.5.11,13.24.7,17491
F,22.56.4,11.20.6,24.26.1,20.7.11,22.58.7,21457
M,23.24.4,11.55.6,23.43.1,17.15.11,22.58.7,29122
M,26.5.4,13.50.6,29.21.1,21.30.11,3.14.8,30811
M,22.43.4,9.9.6,28.26.1,27.18.11,15.2.7,27411
M,24.43.4,10.55.6,1.27.2,26.1.11,17.6.7,23191
M,26.3.4,13.33.6,29.45.1,21.35.11,1.6.8,24240
F,25.52.4,12.52.6,0.32.2,22.17.11,26.46.7,28986
M,26.2.4,14.15.6,28.39.1,21.45.11,7.7.8,30323
M,23.12.4,11.42.6,23.57.1,18.24.11,23.11.7,
M,25.38.4,12.19.6,0.59.2,23.8.11,23.44.7,18723
M,26.1.4,14.16.6,28.36.1,21.47.11,7.23.8,29834
M,23.10.4,9.38.6,29.48.1,28.9.11,13.23.7,30882
F,22.53.4,11.15.6,24.32.1,20.28.11,22.51.7,27861
M,25.43.4,14.34.6,27.49.1,23.6.11,12.41.8,27879
F,22.45.4,10.58.6,24.59.1,21.40.11,22.13.7,26635
M,22.32.4,10.6.6,26.44.1,25.9.11,18.35.7,26518
M,22.37.4,9.47.6,27.49.1,26.38.11,16.14.7,29357
M,23.51.4,12.15.6,23.28.1,14.54.11,21.35.7,30860
F,25.42.4,12.29.6,0.52.2,22.52.11,24.34.7,30308
M,22.38.4,10.42.6,25.26.1,22.43.11,21.24.7,29287
M,23.21.4,9.42.6,0.10.2,28.11.11,13.16.7,30307
M,25.4.4,11.22.6,1.26.2,25.2.11,19.4.7,26088
M,22.42.4,10.51.6,25.10.1,22.7.11,21.54.7,24716
M,22.41.4,9.41.6,28.14.1,27.7.11,15.23.7,28875
F,24.55.4,11.10.6,1.27.2,25.27.11,18.12.7,21595
M,23.1.4,11.26.6,24.17.1,19.37.11,23.6.7,26933
M,25.33.4,12.9.6,1.6.2,23.27.11,22.52.7,27541
M,22.55.4,11.18.6,24.28.1,20.15.11,22.56.7,19078
M,25.28.4,12.1.6,1.11.2,23.43.11,22.8.7,17614
F,22.33.4,10.19.6,26.12.1,24.15.11,19.46.7,31160
M,23.48.4,9.59.6,0.50.2,27.51.11,13.46.7,29046
M,24.37.4,10.46.6,1.25.2,26.18.11,16.33.7,29290
M,25.45.4,14.33.6,27.52.1,22.57.11,12.16.8,8271
M,24.2.4,10.11.6,1.5.2,27.31.11,14.20.7,17439
M,25.29.4,14.35.6,27.36.1,24.6.11,15.7.8,30641
F,23.36.4,9.50.6,0.34.2,28.4.11,13.25.7,29028
M,23.53.4,10.3.6,0.56.2,27.45.11,13.57.7,26993
M,25.14.4,11.37.6,1.22.2,24.31.11,20.13.7,26098
F,23.4.4,9.37.6,29.34.1,28.5.11,13.32.7,24498
M,25.55.4,14.26.6,28.14.1,22.13.11,9.38.8,29653
M,25.34.4,14.35.6,27.39.1,23.47.11,14.25.8,28680
M,22.32.4,10.5.6,26.48.1,25.15.11,18.26.7,26606
F,22.51.4,9.36.6,28.55.1,27.42.11,14.17.7,30142
M,25.44.4,12.32.6,0.50.2,22.47.11,24.50.7,29908
F,22.54.4,9.36.6,29.5.1,27.50.11,14.3.7,25740
M,22.35.4,10.30.6,25.49.1,23.31.11,20.37.7,22653
M,22.56.4,11.19.6,24.26.1,20.8.11,22.58.7,28703
F,23.8.4,11.36.6,24.4.1,18.51.11,23.12.7,26255
M,26.3.4,14.11.6,28.45.1,21.40.11,6.28.8,22687
M,22.35.4,10.31.6,25.47.1,23.27.11,20.42.7,19731
M,23.17.4,11.47.6,23.51.1,17.55.11,23.8.7,22610
M,24.59.4,11.15.6,1.27.2,25.17.11,18.32.7,21556
M,25.13.4,11.36.6,1.22.2,24.32.11,20.11.7,28617
M,25.28.4,14.34.6,27.35.1,24.13.11,15.21.8,30573
F,23.40.4,12.8.6,23.31.1,15.49.11,22.17.7,30132
M,22.32.4,10.18.6,26.16.1,24.22.11,19.38.7,28156
M,26.5.4,13.48.6,29.25.1,21.30.11,2.55.8,30761
M,25.20.4,14.32.6,27.31.1,24.50.11,16.34.8,20129
M,23.4.4,9.37.6,29.33.1,28.4.11,13.33.7,26311
M,22.43.4,10.54.6,25.5.1,21.55.11,22.3.7,29893
F,26.2.4,13.26.6,29.54.1,21.40.11,0.20.8,28809
M,23.45.4,12.12.6,23.29.1,15.21.11,21.57.7,31159
M,25.21.4,11.49.6,1.17.2,24.5.11,21.13.7,25359
F,26.4.4,13.37.6,29.39.1,21.33.11,1.37.8,12978
M,22.33.4,9.56.6,27.15.1,25.54.11,17.26.7,29848
M,22.42.4,10.52.6,25.8.1,22.3.11,21.57.7,28066
M,24.20.4,10.29.6,1.18.2,26.56.11,15.23.7,16940
M,22.32.4,10.6.6,26.45.1,25.10.11,18.32.7,23703
M,25.34.4,12.13.6,1.4.2,23.21.11,23.8.7,29847
M,24.28.4,10.36.6,1.22.2,26.40.11,15.53.7,14906
M,25.20.4,14.32.6,27.31.1,24.50.11,16.33.8,29723
M,25.56.4,13.5.6,0.19.2,22.1.11,27.59.7,29480
M,25.50.4,12.47.6,0.37.2,22.25.11,26.13.7,21884
F,25.51.4,12.51.6,0.33.2,22.19.11,26.35.7,13627
M,23.45.4,9.57.6,0.46.2,27.55.11,13.40.7,30516
M,23.57.4,10.7.6,1.0.2,27.39.11,14.8.7,23927
M,23.2.4,9.36.6,29.29.1,28.3.11,13.37.7,28893
F,22.34.4,9.53.6,27.22.1,26.5.11,17.9.7,22522
M,25.15.4,11.38.6,1.21.2,24.27.11,20.21.7,25314
M,25.41.4,12.27.6,0.53.2,22.55.11,24.25.7,26304
M,23.35.4,12.4.6,23.35.1,16.18.11,22.34.7,29069
M,23.39.4,12.8.6,23.32.1,15.53.11,22.19.7,28473
F,23.30.4,12.1.6,23.38.1,16.41.11,22.45.7,30615
M,25.43.4,14.34.6,27.49.1,23.6.11,12.40.8,25876
M,22.32.4,10.4.6,26.51.1,25.19.11,18.19.7,30315
M,23.20.4,9.42.6,0.7.2,28.11.11,13.17.7,18123
M,23.49.4,10.0.6,0.52.2,27.50.11,13.49.7,29412
M,25.50.4,12.48.6,0.35.2,22.22.11,26.22.7,21873
M,25.39.4,14.35.6,27.44.1,23.24.11,13.28.8,28337
M,24.25.4,10.33.6,1.21.2,26.46.11,15.40.7,26511
M,22.28.4,7.47.6,26.51.1,15.40.11,16.21.6,29428
M,24.23.4,10.18.6,26.46.1,10.31.11,0.37.7,29025
M,24.18.4,12.23.6,23.37.1,12.38.11,18.50.7,30586
F,23.55.4,9.27.6,27.17.1,11.56.11,25.47.6,27346
M,21.54.4,7.27.6,25.57.1,16.21.11,14.3.6,20157
M,21.56.4,9.31.6,19.58.1,7.46.11,22.18.6,30482
M,21.41.4,7.24.6,25.25.1,16.21.11,13.29.6,28769
F,23.58.4,12.19.6,23.28.1,14.15.11,20.57.7,19160
F,22.5.4,9.41.6,19.46.1,6.55.11,22.47.6,27947
M,24.4.4,12.21.6,23.29.1,13.49.11,20.28.7,16766
M,24.22.4,10.16.6,26.47.1,10.34.11,0.26.7,23014
F,21.22.4,8.32.6,21.27.1,11.54.11,18.13.6,29175
M,24.32.4,10.41.6,26.25.1,10.5.11,2.54.7,27912
M,24.43.4,12.2.6,24.34.1,10.17.11,12.46.7,28287
M,24.36.4,10.52.6,26.14.1,9.56.11,4.0.7,29481
M,23.52.4,9.22.6,27.19.1,12.5.11,25.22.6,23117
M,21.23.4,7.29.6,24.19.1,15.49.11,13.26.6,23806
M,22.36.4,7.53.6,26.59.1,15.26.11,16.59.6,7152
M,22.50.4,8.6.6,27.11.1,14.56.11,18.15.6,24711
M,24.45.4,11.55.6,24.47.1,10.4.11,11.41.7,31074
F,22.17.4,9.52.6,19.35.1,5.46.11,23.10.6,29457
F,23.16.4,8.33.6,27.24.1,13.51.11,20.51.6,22595
F,21.39.4,7.24.6,25.21.1,16.20.11,13.26.6,23412
M,22.19.4,7.41.6,26.40.1,15.55.11,15.39.6,28054
M,24.14.4,12.23.6,23.34.1,12.58.11,19.21.7,26640
M,21.56.4,7.28.6,26.2.1,16.20.11,14.10.6,27904
M,22.57.4,8.13.6,27.16.1,14.38.11,18.57.6,23091
M,24.30.4,10.36.6,26.30.1,10.10.11,2.21.7,27118
M,24.46.4,11.42.6,25.8.1,9.50.11,9.51.7,25076
M,21.17.4,8.17.6,21.57.1,12.50.11,17.1.6,27152
M,21.14.4,8.1.6,22.32.1,13.48.11,15.44.6,27089
M,21.25.4,7.28.6,24.29.1,15.56.11,13.22.6,26899
M,24.15.4,10.2.6,26.58.1,10.55.11,29.2.6,27775
M,21.38.4,7.24.6,25.19.1,16.20.11,13.25.6,14438
F,21.15.4,7.44.6,23.18.1,14.50.11,14.26.6,31223
M,24.45.4,11.29.6,25.27.1,9.44.11,8.11.7,24515
M,24.22.4,12.23.6,23.42.1,12.15.11,18.9.7,28818
M,22.5.4,9.41.6,19.46.1,6.53.11,22.48.6,26318
M,21.18.4,7.36.6,23.49.1,15.23.11,13.49.6,27704
M,23.21.4,8.40.6,27.25.1,13.37.11,21.25.6,22944
M,24.38.4,10.58.6,26.6.1,9.51.11,4.42.7,26837
M,21.26.4,7.27.6,24.34.1,16.0.11,13.20.6,24951
F,22.6.4,9.42.6,19.45.1,6.49.11,22.49.6,14478
M,21.28.4,8.48.6,21.0.1,10.53.11,19.27.6,14780
M,24.16.4,12.23.6,23.36.1,12.44.11,18.58.7,31196
M,21.37.4,9.4.6,20.34.1,9.46.11,20.40.6,29940
M,22.31.4,7.50.6,26.55.1,15.35.11,16.37.6,22703
M,21.14.4,7.54.6,22.49.1,14.12.11,15.12.6,31250
F,22.15.4,9.50.6,19.37.1,5.59.11,23.7.6,19829
F,21.18.4,8.18.6,21.53.1,12.44.11,17.10.6,26989
M,22.28.4,7.47.6,26.50.1,15.41.11,16.19.6,26050
M,23.30.4,8.51.6,27.25.1,13.11.11,22.29.6,28657
M,21.19.4,8.24.6,21.42.1,12.24.11,17.35.6,26189
F,24.45.4,11.28.6,25.29.1,9.43.11,8.3.7,18791
M,21.29.4,7.26.6,24.46.1,16.7.11,13.18.6,29026
F,22.52.4,8.8.6,27.13.1,14.51.11,18.26.6,20521
M,21.16.4,8.12.6,22.6.1,13.6.11,16.40.6,31013
M,24.44.4,11.22.6,25.38.1,9.43.11,7.17.7,21417
M,22.0.4,9.35.6,19.53.1,7.23.11,22.32.6,26107
M,21.24.4,7.28.6,24.27.1,15.55.11,13.22.6,25702
F,24.33.4,10.43.6,26.22.1,10.3.11,3.8.7,29727
M,21.23.4,8.36.6,21.19.1,11.38.11,18.34.6,21002
M,21.47.4,7.25.6,25.42.1,16.23.11,13.44.6,26877
F,22.59.4,8.15.6,27.17.1,14.34.11,19.8.6,
M,21.59.4,9.33.6,19.54.1,7.32.11,22.27.6,24609
F,21.45.4,9.16.6,20.17.1,8.57.11,21.26.6,876
M,23.48.4,9.17.6,27.21.1,12.16.11,24.52.6,24229
M,22.12.4,7.36.6,26.30.1,16.5.11,15.10.6,26382
M,24.35.4,12.16.6,24.4.1,11.6.11,15.36.7,20573
M,24.43.4,12.3.6,24.32.1,10.19.11,12.57.7,20602
M,23.3.4,8.20.6,27.19.1,14.23.11,19.34.6,13654
M,24.6.4,12.22.6,23.30.1,13.37.11,20.13.7,22337
M,23.42.4,9.7.6,27.23.1,12.36.11,23.57.6,26940
M,22.15.4,7.38.6,26.34.1,16.1.11,15.21.6,17986
M,22.17.4,9.51.6,19.36.1,5.51.11,23.9.6,28506
M,22.39.4,7.56.6,27.2.1,15.20.11,17.15.6,29781
F,24.16.4,10.4.6,26.57.1,10.52.11,29.14.6,27455
M,21.20.4,8.28.6,21.34.1,12.8.11,17.55.6,25996
M,22.1.4,7.30.6,26.11.1,16.17.11,14.26.6,21961
M,24.45.4,11.30.6,25.26.1,9.44.11,8.18.7,17991
M,22.23.4,9.57.6,19.32.1,5.14.11,23.15.6,27646
M,21.31.4,8.51.6,20.53.1,10.38.11,19.45.6,23519
M,21.36.4,7.24.6,25.11.1,16.18.11,13.21.6,16770
M,21.14.4,7.52.6,22.55.1,14.21.11,15.2.6,26340
M,24.45.4,11.30.6,25.27.1,9.44.11,8.14.7,31222
M,24.10.4,9.52.6,27.4.1,11.10.11,28.8.6,24899
F,24.13.4,12.23.6,23.33.1,13.3.11,19.27.7,25423
M,24.1.4,12.20.6,23.28.1,14.1.11,20.42.7,29349
M,24.46.4,11.42.6,25.9.1,9.50.11,9.48.7,24650
M,24.27.4,12.22.6,23.48.1,11.51.11,17.23.7,27534
M,21.16.4,7.41.6,23.28.1,15.1.11,14.13.6,30540
M,22.56.4,8.12.6,27.15.1,14.42.11,18.48.6,23341
M,23.48.4,9.17.6,27.21.1,12.16.11,24.50.6,23319
F,21.15.4,7.44.6,23.19.1,14.51.11,14.24.6,19294
F,22.23.4,9.56.6,19.32.1,5.16.11,23.15.6,26342
M,23.57.4,9.31.6,27.16.1,11.49.11,26.7.6,27019
M,22.37.4,7.54.6,27.0.1,15.24.11,17.5.6,30478
M,21.19.4,7.33.6,24.0.1,15.33.11,13.39.6,28004
M,23.12.4,8.29.6,27.22.1,14.1.11,20.26.6,28327
F,24.41.4,12.8.6,24.22.1,10.34.11,13.54.7,30681
M,24.28.4,10.29.6,26.36.1,10.17.11,1.44.7,28156
F,24.46.4,11.47.6,25.1.1,9.54.11,10.28.7,20168
M,21.49.4,9.22.6,20.9.1,8.29.11,21.48.6,8706
M,21.24.4,7.28.6,24.23.1,15.52.11,13.24.6,31060
M,22.46.4,8.2.6,27.8.1,15.5.11,17.52.6,17031
M,22.26.4,7.45.6,26.48.1,15.44.11,16.11.6,21905
M,22.28.4,10.0.6,19.29.1,4.49.11,23.16.6,19784
M,23.7.4,8.23.6,27.21.1,14.14.11,19.55.6,23950
F,21.24.4,8.36.6,21.19.1,11.37.11,18.35.6,24957
F,23.57.4,9.30.6,27.16.1,11.49.11,26.7.6,22406
M,24.46.4,11.40.6,25.11.1,9.48.11,9.34.7,24449
M,24.46.4,11.40.6,25.11.1,9.48.11,9.34.7,22424
M,24.20.4,10.12.6,26.50.1,10.39.11,0.3.7,31208
F,24.32.4,12.18.6,23.58.1,11.22.11,16.17.7,25588
M,24.46.4,11.41.6,25.9.1,9.49.11,9.45.7,26289
M,21.20.4,7.32.6,24.3.1,15.36.11,13.37.6,30196
F,22.15.4,9.50.6,19.37.1,6.2.11,23.6.6,23938
M,21.36.4,9.1.6,20.38.1,9.58.11,20.28.6,30939
F,21.16.4,8.9.6,22.13.1,13.18.11,16.24.6,10000
F,21.45.4,9.16.6,20.16.1,8.53.11,21.29.6,26662
F,21.17.4,7.38.6,23.41.1,15.15.11,13.57.6,12489
M,22.56.4,8.12.6,27.15.1,14.41.11,18.51.6,10800
M,24.2.4,12.21.6,23.29.1,13.56.11,20.37.7,23293
F,21.45.4,7.24.6,25.35.1,16.23.11,13.37.6,29458
M,22.23.4,7.43.6,26.45.1,15.49.11,15.57.6,27112
M,21.24.4,7.28.6,24.27.1,15.55.11,13.22.6,8301
M,21.22.4,7.30.6,24.16.1,15.46.11,13.28.6,29860
M,22.19.4,7.40.6,26.39.1,15.55.11,15.39.6,27341
M,21.22.4,7.30.6,24.17.1,15.47.11,13.27.6,30365
M,21.47.4,9.18.6,20.14.1,8.45.11,21.36.6,27833
M,21.34.4,7.24.6,25.6.1,16.16.11,13.20.6,31300
M,21.31.4,8.52.6,20.52.1,10.34.11,19.49.6,19342
F,21.16.4,7.41.6,23.29.1,15.2.11,14.11.6,22678
M,23.59.4,12.19.6,23.28.1,14.13.11,20.56.7,29003
M,21.43.4,7.24.6,25.31.1,16.22.11,13.33.6,23044
M,24.40.4,11.3.6,26.1.1,9.48.11,5.13.7,30046
M,24.35.4,10.49.6,26.17.1,9.58.11,3.43.7,22980
M,21.32.4,8.54.6,20.49.1,10.27.11,19.57.6,27724
M,21.14.4,7.57.6,22.42.1,14.2.11,15.26.6,27643
F,21.57.4,9.31.6,19.57.1,7.42.11,22.21.6,9039
M,21.51.4,7.26.6,25.51.1,16.22.11,13.54.6,27615
M,21.41.4,7.24.6,25.27.1,16.22.11,13.30.6,30080
F,23.35.4,8.58.6,27.25.1,12.55.11,23.8.6,28799
M,24.31.4,12.19.6,23.55.1,11.30.11,16.36.7,24230
M,22.42.4,7.59.6,27.5.1,15.12.11,17.34.6,17933
M,24.45.4,11.33.6,25.23.1,9.45.11,8.36.7,26262
M,22.28.4,10.0.6,19.29.1,4.47.11,23.16.6,30730
F,21.30.4,7.25.6,24.53.1,16.10.11,13.17.6,27001
M,24.46.4,11.39.6,25.13.1,9.48.11,9.27.7,30010
M,22.32.4,7.50.6,26.55.1,15.34.11,16.39.6,30777
M,22.57.4,8.13.6,27.16.1,14.39.11,18.55.6,30624
M,21.18.4,8.20.6,21.49.1,12.36.11,17.19.6,25289
M,24.4.4,10.21.6,26.43.1,10.27.11,0.54.7,27683
M,21.56.4,9.31.6,19.57.1,7.45.11,22.19.6,28477
M,21.58.4,9.33.6,19.55.1,7.35.11,22.26.6,30479
F,21.26.4,8.42.6,21.9.1,11.14.11,19.2.6,31395
M,21.44.4,9.15.6,20.18.1,8.59.11,21.23.6,27426
M,22.13.4,9.48.6,19.39.1,6.12.11,23.3.6,25896
M,24.30.4,12.20.6,23.52.1,11.36.11,16.51.7,26334
F,24.11.4,9.55.6,27.3.1,11.6.11,28.24.6,25908
M,22.24.4,9.57.6,19.31.1,5.11.11,23.15.6,6418
M,22.19.4,7.41.6,26.40.1,15.55.11,15.39.6,23035
F,24.10.4,9.52.6,27.4.1,11.10.11,28.10.6,26675
F,22.2.4,7.31.6,26.13.1,16.16.11,14.30.6,29673
F,22.14.4,9.49.6,19.38.1,6.4.11,23.5.6,29949
M,22.24.4,9.57.6,19.31.1,5.9.11,23.15.6,27353
M,22.0.4,7.29.6,26.9.1,16.18.11,14.22.6,29199
M,21.23.4,8.35.6,21.21.1,11.41.11,18.30.6,29935
M,23.50.4,9.19.6,27.20.1,12.12.11,25.2.6,22398
M,21.33.4,7.24.6,25.1.1,16.14.11,13.18.6,25297
F,21.14.4,7.48.6,23.7.1,14.36.11,14.42.6,28908
M,24.23.4,12.23.6,23.43.1,12.9.11,17.58.7,24963
M,21.18.4,8.21.6,21.48.1,12.35.11,17.21.6,23187
M,24.42.4,11.15.6,25.47.1,9.44.11,6.29.7,13087
M,24.6.4,9.45.6,27.8.1,11.22.11,27.30.6,27853
M,22.7.4,9.42.6,19.45.1,6.45.11,22.51.6,21565
F,24.42.4,12.4.6,24.30.1,10.23.11,13.11.7,24933
M,22.53.4,8.9.6,27.13.1,14.49.11,18.30.6,27771
M,21.39.4,9.6.6,20.31.1,9.37.11,20.48.6,23456
M,24.31.4,12.19.6,23.55.1,11.29.11,16.35.7,24401
F,24.44.4,11.24.6,25.34.1,9.43.11,7.36.7,30315
F,21.35.4,9.0.6,20.40.1,10.5.11,20.21.6,25626
F,22.16.4,9.51.6,19.36.1,5.51.11,23.9.6,26279
M,21.34.4,8.58.6,20.42.1,10.11.11,20.15.6,31196
M,23.59.4,12.19.6,23.28.1,14.12.11,20.54.7,22210
M,21.15.4,7.44.6,23.20.1,14.52.11,14.24.6,24566
M,22.59.4,8.15.6,27.17.1,14.34.11,19.8.6,28420
M,24.46.4,11.38.6,25.15.1,9.47.11,9.15.7,28990
M,24.14.4,12.23.6,23.34.1,12.56.11,19.18.7,19974
M,22.55.4,8.11.6,27.15.1,14.43.11,18.46.6,26659
M,24.24.4,10.21.6,26.43.1,10.27.11,0.54.7,28994
M,22.7.4,7.33.6,26.22.1,16.11.11,14.50.6,26185
M,21.17.4,8.15.6,22.0.1,12.56.11,16.54.6,17394
M,21.26.4,7.27.6,24.35.1,16.0.11,13.20.6,28972
M,24.39.4,11.1.6,26.3.1,9.49.11,5.0.7,17923
F,23.18.4,8.36.6,27.24.1,13.44.11,21.8.6,24838
M,21.15.4,7.44.6,23.19.1,14.51.11,14.25.6,27017
M,24.10.4,9.53.6,27.4.1,11.9.11,28.13.6,21827
M,21.59.4,7.29.6,26.7.1,16.18.11,14.19.6,29235
F,21.38.4,9.5.6,20.33.1,9.43.11,20.43.6,15384
M,21.32.4,8.55.5,20.48.1,10.24.11,20.0.6,24537
M,21.17.4,8.17.6,21.55.1,12.48.11,17.4.6,31110
M,21.38.4,9.5.6,20.32.1,9.43.11,20.43.6,26395
M,21.36.4,7.24.6,25.12.1,16.18.11,13.22.6,29980
F,24.30.4,12.20.6,23.53.1,11.35.11,16.47.7,30019
M,22.9.4,9.44.6,19.43.1,6.35.11,22.55.6,18736
M,21.26.4,8.41.6,21.10.1,11.17.11,18.59.6,30913
M,21.14.4,7.48.6,23.7.1,14.36.11,14.42.6,22521
M,22.14.4,9.49.6,19.38.1,6.6.11,23.5.6,30665
M,24.44.4,12.0.6,24.38.1,10.12.11,12.25.7,14786
M,24.35.4,12.17.6,24.3.1,11.9.11,15.44.7,27842
M,24.4.4,9.42.6,27.10.1,11.27.11,27.13.6,28332
M,21.57.4,7.28.6,26.4.1,16.19.11,14.13.6,25553
M,22.7.4,7.33.6,26.21.1,16.11.11,14.47.6,30395
M,21.53.4,7.27.6,25.56.1,16.21.11,14.0.6,28013
M,24.23.4,12.23.6,23.42.1,12.11.11,18.2.7,23728
M,24.26.4,12.22.6,23.47.1,11.53.11,17.27.7,28159
M,24.17.4,12.23.6,23.37.1,12.39.11,18.50.7,20840
M,24.35.4,10.48.6,26.18.1,9.59.11,3.34.7,30902
M,23.3.4,8.19.6,27.19.1,14.24.11,19.31.6,25511
M,21.21.4,8.29.6,21.33.1,12.6.11,17.59.6,29547
M,20.5.4,5.18.6,20.22.1,4.31.11,13.9.5,22352
F,21.29.4,5.52.6,23.10.1,2.47.11,22.31.5,29894
M,23.27.4,9.20.6,21.18.1,28.18.10,14.8.6,22582
F,21.4.4,5.31.6,22.46.1,3.46.11,19.34.5,14327
M,20.14.4,6.38.6,16.59.1,0.9.11,15.21.5,29048
M,20.22.4,6.54.6,16.35.1,29.10.10,16.29.5,31369
M,23.15.4,10.6.6,19.55.1,0.25.11,20.24.6,24990
M,23.14.4,10.7.6,19.53.1,0.31.11,20.33.6,18529
M,23.25.4,9.51.6,20.27.1,29.12.10,17.56.6,30064
M,20.30.4,7.5.6,16.18.1,28.21.10,17.27.5,27438
M,23.26.4,9.18.6,21.20.1,28.16.10,13.56.6,30149
M,20.24.4,6.56.6,16.32.1,29.0.10,16.41.5,9259
F,23.25.4,9.51.6,20.27.1,29.12.10,17.56.6,31185
M,22.45.4,7.31.6,23.6.1,29.15.10,3.6.6,28757
M,20.43.4,5.18.6,22.15.1,4.24.11,17.13.5,26476
M,22.49.4,7.37.6,23.2.1,29.6.10,3.43.6,30497
M,19.58.4,5.35.6,19.15.1,3.41.11,12.36.5,28600
M,20.1.4,6.7.6,17.58.1,2.0.11,13.29.5,31483
M,22.57.4,10.11.6,19.31.1,2.15.11,22.23.6,9914
M,20.16.4,6.43.6,16.52.1,29.52.10,15.41.5,25180
M,20.16.4,5.12.6,21.10.1,4.45.11,14.20.5,25579
M,22.1.4,6.27.6,23.23.1,1.17.11,26.40.5,27870
M,22.3.4,6.29.6,23.23.1,1.12.11,26.53.5,15954
M,19.59.4,5.56.6,18.20.1,2.34.11,13.3.5,16900
F,19.59.4,5.56.6,18.21.1,2.35.11,13.2.5,29908
M,20.12.4,6.35.6,17.4.1,0.21.11,15.8.5,31969
M,22.56.4,10.11.6,19.31.1,2.17.11,22.24.6,11527
M,21.33.4,5.56.6,23.13.1,2.36.11,23.1.5,25035
M,19.58.4,5.35.6,19.16.1,3.42.11,12.36.5,21692
M,20.35.4,7.11.6,16.10.1,27.54.10,17.58.5,27564
M,23.3.4,10.11.6,19.36.1,1.40.11,21.54.6,29368
M,23.27.4,9.36.6,20.53.1,28.37.10,15.59.6,29275
F,20.10.4,6.30.6,17.14.1,0.41.11,14.45.5,27605
M,21.37.4,6.0.6,23.15.1,2.25.11,23.30.5,30408
M,22.13.4,6.41.6,23.23.1,0.46.11,28.10.5,2125
M,20.13.4,6.37.6,17.2.1,0.15.11,15.14.5,26131
M,23.27.4,9.35.6,20.54.1,28.37.10,15.55.6,27202
M,22.53.4,7.44.6,22.57.1,28.56.10,4.26.6,22647
M,23.23.4,9.1.6,21.43.1,28.8.10,12.5.6,28435
M,23.18.4,10.3.6,20.2.1,0.3.11,19.48.6,14514
M,23.7.4,10.10.6,19.41.1,1.14.11,21.28.6,28160
M,23.12.4,10.8.6,19.48.1,0.45.11,20.53.6,31712
F,21.29.4,5.52.6,23.11.1,2.45.11,22.36.5,24418
M,20.33.4,7.9.6,16.13.1,28.3.10,17.48.5,10126
F,19.57.4,5.43.6,18.53.1,3.17.11,12.41.5,29041
F,23.17.4,10.4.6,19.59.1,0.11.11,20.2.6,29031
F,23.2.4,8.3.6,22.43.1,28.34.10,6.16.6,11196
M,23.21.4,8.52.6,21.54.1,28.7.10,11.8.6,22334
M,21.30.4,5.53.6,23.11.1,2.42.11,22.43.5,25583
M,20.57.4,5.26.6,22.38.1,3.58.11,18.53.5,30150
F,19.59.4,5.56.6,18.21.1,2.35.11,13.2.5,27113
M,22.16.4,6.46.6,23.22.1,0.35.11,28.40.5,17330
M,20.29.4,7.3.6,16.21.1,28.29.10,17.18.5,24080
M,22.37.4,7.16.6,23.13.1,29.38.10,1.41.6,27752
M,23.8.4,10.10.6,19.42.11,1.11.11,21.24.6,29634
M,21.1.4,7.39.6,15.37.1,25.26.10,20.33.5,9790
F,19.59.4,5.56.6,18.20.1,2.34.11,13.3.5,27591
F,20.29.4,5.13.6,21.45.1,4.41.11,15.39.5,21946
M,20.30.4,5.13.6,21.47.1,4.40.11,15.47.5,26151
M,20.28.4,5.13.6,21.43.1,4.41.11,15.36.5,22934
M,19.57.4,5.40.6,18.59.1,3.24.11,12.39.5,27557
M,22.51.4,10.10.6,19.29.1,2.44.11,22.42.6,26763
M,22.12.4,6.41.6,23.23.1,0.47.11,28.6.5,30420
M,20.9.4,6.29.6,17.16.1,0.44.11,14.43.5,31041
M,23.26.4,9.49.6,20.32.1,29.5.10,17.35.6,30288
F,19.58.4,5.32.6,19.25.1,3.50.11,12.37.5,24763
M,19.59.4,5.28.6,19.37.1,4.0.11,12.39.5,13685
M,19.57.4,5.41.6,18.57.1,3.21.11,12.40.5,30082
F,20.37.4,5.15.6,22.3.1,4.32.11,16.34.5,27994
M,22.24.4,6.57.6,23.20.1,0.14.11,29.45.5,27289
M,20.20.4,6.50.6,16.40.1,29.24.10,16.14.5,31467
M,22.47.4,10.9.6,19.27.1,3.6.11,22.53.6,22335
F,20.59.4,7.37.6,15.39.1,25.37.10,20.23.5,19703
F,23.22.4,9.57.6,20.15.1,29.34.10,18.51.6,23605
M,20.10.4,6.30.6,17.14.1,0.40.11,14.47.5,23742
M,19.59.4,5.58.6,18.17.1,2.30.11,13.6.5,27872
F,20.49.4,7.28.6,15.49.1,26.32.10,19.28.5,22113
M,21.11.4,7.47.6,15.31.1,24.30.10,21.19.5,31239
M,20.6.4,5.16.6,20.28.1,4.34.11,13.16.5,3882
M,23.15.4,8.33.6,22.15.1,28.11.10,9.16.6,26028
F,20.36.4,7.14.6,16.7.1,27.43.10,18.11.5,19249
M,23.4.4,10.11.6,19.38.1,1.32.11,21.47.6,26661
M,23.27.4,9.31.6,9.31.6,21.1.1,28.31.10,27234
M,23.24.4,9.2.6,21.42.1,28.8.10,12.10.6,29480
M,20.5.4,6.18.6,17.36.1,1.23.11,14.3.5,22963
F,23.27.4,9.43.6,20.42.1,28.51.10,16.50.6,29055
M,21.5.4,5.31.6,22.47.1,3.43.11,19.42.5,24230
M,20.6.4,6.22.6,17.28.1,1.9.11,14.17.5,23690
M,23.26.4,9.12.6,21.28.1,28.12.10,13.17.6,30992
F,20.44.4,7.22.6,15.56.1,27.2.10,18.57.5,20070
M,22.14.4,6.44.6,23.23.1,0.40.11,28.25.5,18916
M,20.41.4,7.20.6,15.59.1,27.15.10,18.42.5,26423
M,20.44.4,5.19.6,22.17.1,4.22.11,17.21.5,25602
M,20.5.4,5.18.6,20.21.1,4.31.11,13.9.5,28562
M,22.46.4,7.32.6,23.5.1,29.12.10,3.16.6,30454
M,23.11.4,10.9.6,19.47.1,0.52.11,21.2.6,25853
M,20.3.4,5.20.6,20.10.1,4.25.11,12.58.5,21156
F,23.26.4,9.46.6,20.37.1,28.58.10,17.14.6,22175
M,19.57.4,5.37.6,19.9.1,3.35.11,12.37.5,21427
M,22.53.4,7.44.6,22.57.1,28.55.10,4.28.6,15403
M,23.2.4,10.11.6,19.36.1,1.42.11,21.56.6,27380
M,22.50.4,10.10.6,19.28.1,2.49.11,22.45.6,31005
M,23.10.4,8.19.6,22.29.1,28.20.10,7.51.6,29780
M,20.50.4,5.22.6,22.26.1,4.13.11,17.59.5,31006
M,20.15.4,6.40.6,16.56.1,0.2.11,15.29.5,29893
M,22.37.4,10.5.6,19.27.1,4.3.11,23.11.6,29513
M,23.27.4,9.33.6,20.58.1,28.33.10,15.37.6,17759
M,20.50.4,5.22.6,22.27.1,4.12.11,18.1.5,31254
M,20.59.4,7.38.6,15.39.1,25.36.10,20.24.5,31365
M,23.14.4,8.31.6,22.17.1,28.12.10,9.4.6,27889
M,20.18.4,5.12.6,21.16.1,4.46.11,14.32.5,30407
M,22.5.4,6.31.6,23.24.1,1.8.11,27.5.5,27758
M,19.58.4,5.33.6,19.22.1,3.47.11,12.36.5,27192
M,23.14.4,8.29.6,22.19.1,28.14.10,8.51.6,27357
M,22.59.4,10.11.6,19.33.1,2.3.11,22.14.6,29817
M,19.57.4,5.43.6,18.52.1,3.15.11,12.41.5,26106
M,22.40.4,7.21.6,23.11.1,29.30.10,2.11.6,30210
M,20.40.4,7.18.6,16.1.1,27.22.10,18.35.5,27470
M,20.30.4,5.13.6,21.48.1,4.40.11,15.49.5,29185
M,20.5.4,5.18.6,20.21.1,4.31.11,13.9.5,29999
M,19.57.4,5.43.6,18.52.1,3.16.11,12.41.5,28528
M,20.17.4,6.44.6,16.51.1,29.49.10,15.44.5,28309
M,23.26.4,9.45.6,20.39.1,28.55.10,17.5.6,20952
M,21.47.4,6.11.6,23.20.1,1.56.11,24.51.5,27983
M,22.29.4,7.5.6,23.18.1,29.59.10,0.32.6,26466
M,19.58.4,5.33.6,19.19.1,3.45.11,12.36.5,31879
M,20.4.4,5.18.6,20.19.1,4.30.11,13.7.5,31606
M,20.15.4,5.12.6,21.5.1,4.45.11,14.10.5,28345
M,22.3.4,6.29.6,23.23.1,1.13.11,26.51.5,31034
M,22.8.4,6.36.6,23.23.1,0.57.11,27.35.5,12543
M,20.15.4,6.40.6,16.56.1,0.3.11,15.29.5,31748
M,20.2.4,6.10.6,17.51.1,1.49.11,13.38.5,27302
M,21.12.4,7.48.6,15.30.1,24.26.10,21.23.5,6150
M,22.59.4,7.56.6,22.49.1,28.42.10,5.34.6,27759
M,23.27.4,9.19.6,21.19.1,28.17.10,14.2.6,22747
F,19.59.4,5.27.6,19.42.1,4.5.11,12.41.5,19843
M,23.24.4,9.53.6,20.24.1,29.17.10,18.9.6,9148
M,19.57.4,5.39.6,19.4.1,3.29.11,12.38.5,31800
M,23.26.4,9.13.6,21.27.1,28.13.10,13.24.6,23073
M,20.56.4,7.35.6,15.42.1,25.54.10,20.7.5,21943
M,21.23.4,5.46.6,23.6.1,3.1.11,21.49.5,19059
M,19.57.4,5.40.6,19.0.1,3.25.11,12.39.5,25774
M,20.35.4,7.11.6,16.10.1,27.55.10,17.58.5,30739
M,23.27.4,9.40.6,20.47.1,28.44.10,16.26.6,23034
M,19.59.4,5.29.6,19.32.1,3.57.11,12.38.5,31788
M,20.13.4,5.13.6,20.58.1,4.44.11,13.58.5,26231
M,21.16.4,7.50.6,15.28.1,24.3.10,21.39.5,25179
M,20.50.4,5.22.6,22.27.1,4.12.11,18.1.5,25366
M,20.43.4,5.18.6,22.15.1,4.23.11,17.17.5,15369
M,23.11.4,8.22.6,22.26.1,28.18.10,8.10.6,27961
M,20.34.4,7.11.6,16.11.1,27.58.10,17.54.5,24207
M,23.7.4,10.10.6,19.41.1,1.13.11,21.27.6,30650
F,21.15.4,5.40.6,22.59.1,3.19.11,20.56.5,26918
M,23.18.4,10.3.6,20.1.1,0.5.11,19.52.6,27820
F,23.26.4,9.14.6,21.26.1,28.13.10,13.28.6,31305
M,21.18.4,5.42.6,23.1.1,3.13.11,21.14.5,26812
M,20.52.4,5.23.6,22.30.1,4.9.11,18.14.5,29504
M,22.35.4,7.13.6,23.15.1,29.44.10,1.23.6,31405
M,20.1.4,6.4.6,18.2.1,2.8.11,13.23.5,23733
M,23.27.4,9.26.6,21.8.1,28.24.10,14.52.6,25092
M,21.13.4,7.49.6,15.29.1,24.16.10,21.30.5,30110
M,23.15.4,10.6.6,19.55.1,0.24.11,20.23.6,17174
M,20.43.4,7.22.6,15.57.1,27.5.10,18.54.5,27477
M,22.11.4,6.40.6,23.23.1,0.49.11,28.0.5,29719
M,19.58.4,5.33.6,19.19.1,3.45.11,12.36.5,28620
M,20.12.4,6.35.6,17.5.1,0.21.11,15.8.5,31509
F,20.25.4,6.58.6,16.29.1,28.53.10,16.49.5,21271
F,20.37.4,5.15.6,22.2.1,4.33.11,16.32.5,30859
M,23.3.4,8.4.6,22.43.1,28.33.10,6.20.6,16880
F,21.8.4,5.34.6,22.51.1,3.36.11,20.7.5,25327
M,20.26.4,5.12.6,21.39.1,4.43.11,15.25.5,29919
M,20.15.4,5.12.6,21.7.1,4.45.11,14.14.5,31291
M,21.18.4,7.51.6,15.28.1,23.52.10,21.46.5,27339
F,23.23.4,8.58.6,21.46.1,28.7.10,11.49.6,18785
F,22.46.4,10.9.6,19.27.1,3.15.11,22.57.6,30276
M,19.57.4,5.39.6,19.3.1,3.28.11,12.38.5,22076
M,23.27.4,9.41.6,20.45.1,28.47.10,16.35.6,29385
M,20.52.4,5.23.6,22.29.1,4.9.11,18.12.5,25740
M,20.25.4,5.12.6,21.35.1,4.44.11,15.14.5,31525
M,23.27.4,9.42.6,20.43.1,28.49.10,16.44.6,21873
M,20.1.4,6.5.6,18.1.1,2.5.11,13.25.5,9725
F,23.27.4,9.36.6,20.53.1,28.38.10,16.2.6,11064
M,23.20.4,8.49.6,21.58.1,28.7.10,10.51.6,27498
M,22.20.4,6.52.6,23.21.1,0.24.11,29.13.5,23049
M,23.22.4,8.55.6,21.51.1,28.7.10,11.26.6,30755
M,22.41.4,10.7.6,19.27.1,3.37.11,23.5.6,21025
M,20.7.4,5.16.6,20.33.1,4.36.11,13.22.5,25529
M,22.44.4,7.28.6,23.7.1,29.18.10,2.53.6,25298
M,23.27.4,9.24.6,21.11.1,28.22.10,14.38.6,21755
M,21.11.4,7.47.6,15.30.1,24.29.10,21.20.5,21670
F,19.57.4,5.42.6,18.55.1,3.19.11,12.40.5,30952
M,19.58.4,5.31.6,19.26.1,3.51.11,12.37.5,21829
M,20.35.4,5.15.6,21.59.1,4.35.11,16.20.5,23764
M,23.27.4,9.18.6,21.20.1,28.16.10,13.58.6,21351
M,23.20.4,10.0.6,20.8.1,29.48.10,19.20.6,25946
M,23.15.4,8.32.6,22.16.1,28.12.10,9.9.6,28015
M,21.49.4,6.13.6,23.21.1,1.51.11,25.4.5,31403
M,23.22.4,9.57.6,20.15.1,29.35.10,18.52.6,28663
F,21.8.4,5.34.6,22.51.1,3.36.11,20.4.5,25287
M,19.58.4,5.52.6,18.30.1,2.48.11,12.54.5,28723
M,20.31.4,5.14.6,21.51.1,4.38.11,15.58.5,28478
F,22.37.4,10.5.6,19.27.1,3.59.11,23.11.6,19126
M,21.42.4,6.5.6,23.18.1,2.11.11,24.11.5,26769
M,21.55.4,6.20.6,23.22.1,1.35.11,25.48.5,22608
M,22.15.4,6.45.6,23.23.1,0.38.11,28.31.5,23657
F,19.58.4,5.32.6,19.25.1,3.50.11,12.37.5,21372
M,19.58.4,5.32.6,19.24.1,3.50.11,12.37.5,30406
M,20.26.4,6.59.6,16.28.1,28.49.10,16.54.5,24103
M,20.6.4,5.16.6,20.30.1,4.35.11,13.19.5,24505
M,23.22.4,9.58.6,20.14.1,29.37.10,18.56.6,20760
M,22.53.4,10.11.6,19.30.1,2.34.11,22.36.6,30849
M,22.7.4,6.34.6,23.24.1,1.2.11,27.23.5,31154
M,22.57.4,10.11.6,19.32.1,2.10.11,22.20.6,20630
M,21.10.4,5.35.6,22.53.1,3.33.11,20.16.5,29279
M,20.26.4,5.12.6,21.38.1,4.43.11,15.21.5,27455
M,22.31.4,7.8.6,23.17.1,29.54.10,0.49.6,24195
M,23.11.4,8.23.6,22.26.1,28.17.10,8.13.6,27171
M,23.10.4,8.21.6,22.27.1,28.19.10,8.2.6,29033
M,20.33.4,7.9.6,16.13.1,28.3.10,17.48.5,29265
M,19.57.4,5.40.6,19.1.1,3.26.11,12.38.5,19992
F,20.13.4,6.36.6,17.4.1,0.19.11,15.11.5,28879
M,21.51.4,6.14.6,23.21.1,1.48.11,25.14.5,28775
M,21.23.4,5.47.6,23.6.1,2.59.11,21.54.5,25386
M,20.37.4,7.15.6,16.5.1,27.38.10,18.17.5,25124
M,22.1.4,6.27.6,23.23.1,1.19.11,26.35.5,24171
M,22.41.4,7.23.6,23.10.1,29.27.10,2.21.6,21631
M,19.59.4,5.30.6,19.31.1,3.56.11,12.38.5,23608
M,22.51.4,10.10.6,19.29.1,2.43.11,22.41.6,28011
M,20.33.4,7.10.6,16.12.1,28.2.10,17.50.5,19251
M,20.0.4,6.2.6,18.7.1,2.15.11,13.17.5,28074
M,23.7.4,10.10.6,19.41.1,1.14.11,21.27.6,28220
M,21.54.4,6.18.6,23.22.1,1.38.11,25.41.5,25744
M,22.39.4,10.6.6,19.28.1,3.53.11,23.9.6,30866
M,20.32.4,5.14.6,21.54.1,4.37.11,16.5.5,29139
M,23.16.4,8.36.6,22.13.1,28.10.10,9.29.6,22888
M,23.25.4,9.51.6,20.28.1,29.11.10,17.52.6,26609
F,23.25.4,9.9.6,21.32.1,28.11.110,12.59.6,21512
M,21.34.4,5.57.6,23.14.1,2.32.11,23.11.5,31258
M,20.35.4,5.15.6,22.0.1,4.34.11,16.23.5,27073
M,20.0.4,5.25.6,19.47.1,4.9.11,12.43.5,26898
M,20.57.4,7.36.6,15.41.1,25.49.10,20.12.5,27387
M,21.59.4,6.24.6,23.23.1,1.25.11,26.16.5,28673
M,22.39.4,10.6.6,19.27.1,3.53.11,23.9.6,30866
M,21.48.4,6.12.6,23.20.1,1.54.11,24.56.5,30938
M,23.25.4,9.50.6,20.29.1,29.9.10,17.48.6,23126
M,20.0.4,5.25.6,19.50.1,4.11.11,12.45.5,28082
M,21.11.4,4.53.6,19.15.1,16.53.10,5.49.5,7242
M,21.57.4,7.55.6,15.49.1,19.52.10,22.19.5,24875
M,19.55.4,5.34.6,11.32.1,14.14.10,15.38.4,21515
M,21.36.4,7.59.6,15.28.1,22.9.10,22.32.5,17264
M,21.29.4,5.22.6,19.1.1,17.4.10,8.39.5,31411
M,18.46.4,3.54.6,14.5.1,21.20.10,10.32.4,28254
M,18.43.4,3.16.6,15.41.1,22.55.10,12.27.4,29566
M,19.5.4,3.0.6,17.34.1,23.7.10,17.30.4,24054
M,21.49.4,6.2.6,18.29.1,16.43.10,12.22.5,30276
M,19.39.4,3.14.6,18.40.1,22.1.10,22.41.4,27133
M,18.42.4,3.38.6,14.40.1,22.3.10,10.58.4,27975
M,21.46.4,5.55.6,18.36.1,16.46.10,11.43.5,30562
M,21.32.4,7.57.6,15.27.1,22.33.10,22.25.5,30777
M,18.51.4,3.3.6,16.40.1,23.16.10,14.40.4,22007
M,19.13.4,3.1.6,17.53.1,22.56.10,18.45.4,28338
F,21.54.4,6.13.6,18.19.1,16.40.10,13.19.5,26926
M,19.24.4,5.4.6,12.7.1,17.9.10,12.29.4,30674
M,21.36.4,7.59.6,15.28.1,22.6.10,22.32.5,25392
M,19.13.4,3.1.6,17.52.1,22.57.10,18.41.4,28575
M,21.36.4,5.35.6,18.52.1,17.1.10,9.55.5,30409
M,18.42.4,3.38.6,14.41.1,22.4.10,10.59.4,25691
M,20.32.4,4.2.6,19.21.1,19.37.10,0.9.5,28266
M,19.44.4,5.25.6,11.41.1,15.18.10,14.26.4,26970
F,18.43.4,3.15.6,15.47.1,22.58.10,12.39.4,25736
M,21.19.4,7.52.6,15.27.1,23.45.10,21.50.5,31822
M,19.12.4,4.48.6,12.30.1,18.17.10,11.30.4,21188
M,18.57.4,3.0.6,17.7.1,23.16.10,15.59.4,24478
M,21.51.4,6.6.6,18.25.1,16.41.10,12.46.5,19825
M,19.16.4,3.2.6,17.59.1,22.51.10,19.13.4,12590
M,21.37.4,5.37.6,18.51.1,16.59.10,10.2.5,24695
M,20.11.4,3.40.6,19.12.1,20.36.10,27.12.4,16770
M,21.54.4,7.57.6,15.44.1,20.14.10,22.28.5,31858
M,19.1.4,3.0.6,17.21.1,23.12.10,16.45.4,32059
M,19.8.4,3.0.6,17.41.1,23.3.10,17.59.4,28042
F,20.9.4,3.38.6,19.10.1,20.42.10,26.55.4,26010
M,19.14.4,4.51.6,12.25.1,18.5.10,11.40.4,32390
M,22.8.4,6.59.6,17.24.1,16.57.10,17.27.5,24853
M,19.42.4,3.16.6,18.44.1,21.52.10,23.12.4,30365
F,18.44.4,3.13.6,15.53.1,23.1.10,12.50.4,30502
M,22.10.4,7.19.6,16.56.1,17.27.10,19.13.5,27563
M,21.59.4,6.28.6,18.3.1,16.39.10,14.40.5,27773
M,21.45.4,7.59.6,15.33.1,21.12.10,22.38.5,20378
M,19.59.4,5.37.6,11.30.1,13.51.10,16.5.4,21912
M,22.6.4,7.44.6,16.14.1,18.38.10,21.20.5,31869
M,19.56.4,3.26.6,18.59.1,21.18.10,25.4.4,30544
M,20.0.4,3.30.6,19.3.1,21.6.10,25.39.4,18592
M,22.10.4,7.20.6,16.55.1,17.28.10,19.16.5,29877
F,18.43.4,3.16.6,15.43.1,22.56.10,12.30.4,16552
M,21.26.4,5.17.6,19.3.1,17.19.10,8.12.5,27438
M,19.54.4,5.34.6,11.33.1,14.18.10,15.34.4,28906
M,20.9.4,3.38.6,19.11.1,20.40.10,27.0.4,32078
M,22.6.4,6.51.6,17.35.1,16.50.10,16.45.5,23222
M,21.29.4,5.22.6,19.1.1,17.14.10,8.38.5,14451
M,19.26.4,5.8.6,12.2.1,16.52.10,12.45.4,29298
M,19.33.4,5.15.6,11.53.1,16.17.10,13.22.4,12377
F,22.10.4,7.16.6,17.0.1,17.21.10,18.57.5,30929
M,22.3.4,6.38.6,17.52.1,16.42.10,15.34.5,31012
M,20.10.4,3.39.6,19.11.1,20.37.10,27.9.4,21169
M,19.35.4,5.17.6,11.50.1,16.3.10,13.36.4,24553
M,21.29.4,7.57.6,15.26.1,22.46.10,22.20.5,26292
M,18.56.4,4.20.6,13.15.1,20.0.10,10.34.4,31539
F,22.10.4,7.13.6,17.6.1,17.15.10,18.38.5,22730
M,20.44.4,4.16.6,19.23.1,19.5.10,1.46.5,31610
F,21.21.4,7.53.6,15.27.1,23.35.10,21.56.5,26562
M,19.13.4,4.50.6,12.27.1,18.9.10,11.36.4,9000
M,21.23.4,7.54.6,15.27.1,23.22.10,22.3.5,22983
M,19.28.4,3.7.6,18.22.1,22.27.10,21.2.4,21694
M,19.20.4,5.0.6,12.12.1,17.27.10,12.13.4,27998
M,21.40.4,5.42.6,18.46.1,16.55.10,10.32.5,15424
M,19.21.4,5.1.6,12.11.1,17.22.10,12.17.4,31796
F,21.32.4,5.28.6,18.57.1,17.8.10,9.12.5,30295
M,20.29.4,3.58.6,19.20.1,19.46.10,29.42.4,18248
M,19.9.4,4.45.6,12.35.1,18.31.10,11.20.4,27018
M,22.1.4,6.32.6,17.58.1,16.40.10,15.3.5,29943
M,22.3.4,7.49.6,16.4.1,19.4.10,21.46.5,25754
F,22.10.4,7.20.6,16.55.1,17.27.10,19.14.5,19187
M,22.10.4,7.17.6,17.0.1,17.21.10,18.58.5,29030
M,18.50.4,3.4.6,16.37.1,23.16.10,14.34.4,26121
M,21.2.4,4.40.6,19.20.1,18.16.10,4.27.5,20772
M,19.5.4,4.38.6,12.45.1,18.56.10,11.4.4,30334
F,22.2.4,6.37.6,17.52.1,16.42.10,15.30.5,30420
M,18.43.4,3.16.6,15.44.1,22.57.10,12.33.4,25519
M,22.10.4,7.13.6,17.5.1,17.15.10,18.39.5,29956
M,19.21.4,5.1.6,12.11.1,17.21.10,12.18.4,31218
M,21.30.4,5.23.6,19.0.1,17.12.10,8.47.5,29754
M,21.14.4,4.57.6,19.14.1,17.48.10,6.11.5,30926
M,19.23.4,5.3.6,12.9.1,17.14.10,12.24.4,27964
M,22.3.4,6.41.6,17.48.1,16.43.10,15.49.5,31209
M,19.29.4,5.11.6,11.58.1,16.37.10,13.1.4,30767
M,22.5.4,7.47.6,16.8.1,18.53.10,21.35.5,26993
M,19.26.4,5.7.6,12.3.1,16.54.10,12.44.4,28540
M,20.10.4,3.39.6,19.11.1,20.37.10,27.9.4,25596
M,19.17.4,3.2.6,18.3.1,22.48.10,19.28.4,15018
F,19.10.4,3.0.6,17.46.1,23.1.10,18.16.4,20804
M,18.51.4,4.9.6,13.34.1,20.33.10,10.27.4,29979
M,18.43.4,3.44.6,14.26.1,21.48.10,10.46.4,29727
M,19.17.4,3.2.6,18.2.1,22.49.10,19.24.4,26079
M,19.48.4,3.20.6,18.51.1,21.38.10,23.57.4,23416
M,19.16.4,3.2.6,18.0.1,22.51.10,19.14.4,30667
M,18.54.4,3.1.6,16.57.1,23.17.10,15.29.4,28275
M,20.38.4,4.9.6,19.22.1,19.20.10,1.1.5,30596
M,18.50.4,3.4.6,16.36.1,23.16.10,14.30.4,17953
M,22.5.4,6.47.6,17.41.1,16.47.10,16.21.5,29749
M,22.10.4,7.29.6,16.40.1,17.48.10,20.3.5,29113
M,18.42.4,3.21.6,15.27.1,22.46.10,12.3.4,31719
F,19.42.4,5.24.6,11.43.1,15.25.10,14.18.4,27352
M,22.6.4,6.50.6,17.37.1,16.49.10,16.39.5,31841
M,21.8.4,4.48.6,19.17.1,18.2.10,5.17.5,30322
M,19.35.4,3.11.6,18.34.1,22.11.10,22.4.4,32168
M,20.3.4,3.33.6,19.6.1,20.57.10,26.10.4,30806
F,22.10.4,7.23.6,16.51.1,17.33.10,19.29.5,28981
M,19.57.4,3.27.6,19.0.1,21.14.10,25.15.4,23735
M,22.2.4,7.51.6,16.0.1,19.16.10,21.56.5,24076
M,20.28.4,3.57.6,19.20.1,19.49.10,29.33.4,31807
F,19.20.4,5.0.6,12.13.1,17.28.10,12.11.4,29233
M,18.42.4,3.33.6,14.52.1,22.16.10,11.12.4,23571
M,21.55.4,7.57.6,15.45.1,20.10.10,22.26.5,31811
M,22.9.4,7.10.6,17.9.1,17.11.10,18.25.5,9792
M,22.8.4,7.39.6,16.23.1,18.20.10,20.56.5,32106
M,21.57.4,6.22.6,18.10.1,16.39.10,14.8.5,29649
M,22.0.4,6.30.6,18.0.1,16.40.10,14.54.5,29220
M,22.10.4,7.19.6,16.56.1,17.27.10,19.13.5,29436
M,20.23.4,3.52.6,19.18.1,20.4.10,28.49.4,21462
M,21.37.4,5.36.6,18.51.1,17.0.10,9.59.5,32136
M,20.9.4,3.38.6,19.10.1,20.41.10,26.57.4,26826
M,22.5.4,7.45.6,16.11.1,18.46.10,21.28.5,25526
M,18.47.4,3.58.6,13.56.1,21.8.10,10.29.4,30241
F,19.42.4,5.24.6,11.43.1,15.27.10,14.16.4,29570
M,19.46.4,3.18.6,18.48.1,21.44.10,23.40.4,26189
M,19.29.4,3.8.6,18.25.1,22.24.10,21.14.4,12366
F,19.15.4,4.53.6,12.23.1,17.59.10,11.45.4,13921
M,19.19.4,4.58.6,12.15.1,17.35.10,12.5.4,15209
M,18.52.4,3.3.6,16.45.1,23.17.10,14.56.4,21014
M,22.0.4,7.53.6,15.54.1,19.34.10,22.8.5,18146
M,20.3.4,3.33.6,19.6.1,20.57.10,26.10.4,28378
F,19.46.4,3.18.6,18.49.1,21.43.10,23.41.4,26094
F,18.54.4,3.1.6,16.55.1,23.17.10,15.22.4,26349
M,20.21.4,3.50.6,19.17.1,20.7.10,28.40.4,31774
M,21.43.4,5.49.6,18.41.1,16.50.10,11.13.5,23644
M,22.10.4,7.29.6,16.40.1,17.48.10,20.3.5,30632
M,21.29.4,5.23.6,19.0.1,17.13.10,8.44.5,26850
M,21.57.4,7.56.6,15.48.1,19.58.10,22.21.5,29287
M,19.42.4,5.24.6,11.43.1,15.29.10,14.14.4,29212
M,18.42.4,3.35.6,14.47.1,22.11.10,11.7.4,17855
M,21.20.4,7.53.6,15.27.1,23.37.10,21.55.5,22127
M,21.3.4,4.41.6,19.19.1,18.15.10,4.31.5,28961
M,21.4.4,4.43.6,19.19.1,18.11.10,4.45.5,32184
M,19.33.4,5.15.6,11.54.1,16.18.10,13.20.4,15265
M,19.2.4,3.0.6,17.24.1,23.11.10,16.56.4,17357
M,21.28.4,7.56.6,15.26.1,22.53.10,22.17.5,28028
M,22.10.4,7.17.6,16.59.1,17.22.10,19.1.5,29152
M,18.43.4,3.43.6,14.29.1,21.51.10,10.48.4,21855
M,18.51.4,4.10.6,13.33.1,20.31.10,10.28.4,31431
M,20.27.4,3.56.6,19.20.1,19.52.10,29.25.4,29373
M,22.9.4,7.3.6,17.19.1,17.2.10,17.49.5,31188
F,19.52.4,5.32.6,11.34.1,14.31.10,15.19.4,32259
M,22.10.4,7.24.6,16.48.1,17.36.10,19.36.5,23621
F,20.0.4,5.37.6,11.30.1,13.49.10,16.7.4,23785
M,22.2.4,7.50.6,16.1.1,19.13.10,21.53.5,28027
M,19.4.4,3.0.6,17.29.1,23.10.10,17.13.4,30410
M,21.9.4,4.50.6,19.17.1,17.59.10,5.28.5,30075
M,22.8.4,7.37.6,16.27.1,18.12.10,20.44.5,31458
M,19.11.4,4.48.6,12.31.1,18.20.10,11.28.4,27208
M,18.56.4,3.1.6,17.3.1,23.16.10,15.48.4,29457
M,19.48.4,5.29.6,11.37.1,14.51.10,14.56.4,20393
M,21.9.4,4.49.6,19.17.1,18.0.10,5.25.5,30208
M,21.53.4,6.10.6,18.22.1,16.40.10,13.4.5,29866
M,19.29.4,5.10.6,11.59.1,16.40.10,12.57.4,14745
F,18.47.4,3.6.6,16.23.1,23.13.10,13.56.4,28813
F,18.50.4,4.7.6,13.38.1,20.39.10,10.27.4,18777
M,21.41.4,5.44.6,18.45.1,16.53.10,10.43.5,29893
M,21.27.4,5.19.6,19.2.1,17.17.10,8.24.5,29358
M,19.10.4,4.46.6,12.34.1,18.27.10,11.23.4,29078
M,22.3.4,7.50.6,16.2.1,19.10.10,21.51.5,24826
M,21.5.4,4.44.6,19.18.1,18.8.10,4.54.5,28327
M,19.21.4,3.4.6,18.11.1,22.40.10,20.5.4,24530
M,18.56.4,4.21.6,13.14.1,19.56.10,10.35.4,26638
M,21.19.4,7.52.6,15.27.1,23.45.10,21.50.5,31329
M,19.31.4,5.13.6,11.56.1,16.26.10,13.12.4,31662
M,22.10.4,7.16.6,17.1.1,17.20.10,18.53.5,23308
M,19.39.4,3.14.6,18.40.1,22.1.10,22.41.4,30428
M,18.45.4,3.52.6,14.8.1,21.25.10,10.34.4,30988
M,18.41.4,3.31.6,14.57.1,22.21.10,11.18.4,27721
M,19.11.4,3.1.6,17.48.1,22.59.10,18.27.4,22441
M,18.43.4,3.43.6,14.28.1,21.49.10,10.47.4,7840
M,22.9.4,7.4.6,17.18.1,17.3.10,17.54.5,25331
M,21.19.4,7.52.6,15.27.1,23.43.10,21.51.5,7758
M,18.44.4,3.47.6,14.20.1,21.40.10,10.41.4,29232
M,21.37.4,5.36.6,18.51.1,17.0.10,9.57.5,24874
F,19.52.4,5.32.6,11.34.1,14.31.10,15.20.4,18654
M,19.40.4,3.14.6,18.41.1,21.58.10,22.51.4,28180
M,19.0.4,3.0.6,17.16.1,23.14.10,16.29.4,21554
F,20.21.4,3.50.6,19.17.1,20.8.10,28.37.4,30430
F,21.38.4,5.38.6,18.50.1,16.58.10,10.9.5,28875
M,21.47.4,7.59.6,15.35.1,21.1.10,22.38.5,8365
F,18.43.4,3.42.6,14.31.1,21.54.10,10.50.4,31558
M,20.25.4,3.54.6,19.19.1,19.58.10,29.6.4,27896
M,20.44.4,4.16.6,19.23.1,19.5.10,1.47.5,26976
F,22.4.4,7.48.6,16.5.1,19.0.10,21.42.5,26876
M,19.12.4,4.48.6,12.30.1,18.17.10,11.30.4,32069
F,19.3.4,4.34.6,12.52.1,19.12.10,10.54.4,32310
M,21.53.4,6.12.6,18.20.1,16.40.10,13.15.5,31454
M,21.10.4,4.51.6,19.16.1,17.57.10,5.36.5,26559
M,21.48.4,7.59.6,15.35.1,20.59.10,22.37.5,23669
M,21.59.4,6.27.6,18.4.1,16.39.10,14.35.5,24674
M,22.8.4,7.39.6,16.23.1,18.19.10,20.54.5,30329
M,19.31.4,3.9.6,18.29.1,22.18.10,21.36.4,19521
M,21.36.4,5.34.6,18.52.1,17.1.10,9.49.5,18149
M,18.42.4,3.36.6,14.45.1,22.9.10,11.4.4,30654
M,21.54.4,7.57.6,15.44.1,20.14.10,22.28.5,26000
F,19.59.4,3.29.6,19.3.1,21.7.10,25.37.4,30677
M,18.47.4,3.57.6,13.58.1,21.10.10,10.30.4,30589
M,20.43.4,4.15.6,19.23.1,19.7.10,1.39.5,31697
M,21.37.4,7.59.6,15.28.1,22.1.10,22.34.5,22499
F,21.31.4,7.57.6,15.27.1,22.35.10,22.24.5,30645
F,20.42.4,4.13.6,14.1.1,5.22.10,17.1.4,19952
F,20.31.4,3.48.6,14.27.1,5.15.10,15.16.4,30041
M,18.49.4,1.24.6,15.11.1,8.43.10,0.33.4,30848
F,17.36.4,1.55.6,9.44.1,10.1.10,7.59.3,26313
M,20.11.4,5.43.6,11.27.1,12.44.10,17.19.4,29049
M,17.31.4,0.55.6,12.24.1,11.53.10,15.15.3,26749
M,20.37.4,5.46.6,11.39.1,9.57.10,19.48.4,29371
M,17.55.4,2.33.6,8.40.1,8.4.10,6.29.3,26881
M,19.47.4,2.31.6,15.17.1,6.15.10,8.41.4,29971
M,17.34.4,1.50.6,9.54.1,10.15.10,8.19.3,31724
M,17.58.4,0.49.6,14.1.1,11.6.10,22.7.3,30580
M,20.53.4,5.3.6,12.58.1,6.24.10,19.46.4,26480
M,17.28.4,1.32.6,10.33.1,10.58.10,9.46.3,22859
F,18.20.4,1.0.6,14.41.1,10.6.10,26.2.3,24640
M,20.37.4,5.46.6,11.39.1,9.59.10,19.47.4,20522
F,20.52.4,5.23.6,12.25.1,7.24.10,20.26.4,22022
M,20.29.4,3.44.6,14.31.1,5.16.10,14.58.4,22973
M,19.2.4,1.36.6,15.18.1,8.6.10,2.25.4,7450
F,20.35.4,3.57.6,14.19.1,5.16.10,15.54.4,32039
M,18.43.4,3.24.6,7.33.1,3.44.10,7.52.3,18181
F,19.13.4,1.48.6,15.21.1,7.37.10,3.57.4,30749
M,20.47.4,5.37.6,12.0.1,8.32.10,20.27.4,31710
M,20.53.4,5.14.6,12.41.1,6.52.10,20.12.4,10329
F,17.26.4,1.16.6,11.11.1,11.28.10,11.25.3,18905
M,20.53.4,5.11.6,12.46.1,6.44.10,20.6.4,25623
M,20.36.4,4.0.6,14.16.1,5.17.10,16.5.4,22669
M,18.38.4,1.14.6,15.2.1,9.14.10,28.54.3,29668
F,18.13.4,0.56.6,14.30.1,10.25.10,24.53.3,14700
M,18.27.4,3.11.6,7.47.1,5.14.10,6.52.3,31628
M,18.37.4,1.12.6,15.0.1,9.19.10,28.39.3,28347
F,18.15.4,0.57.6,14.33.1,10.21.10,25.10.3,5792
M,20.45.4,4.25.6,13.49.1,5.29.10,17.44.4,32210
M,20.8.4,5.42.6,11.27.1,13.3.10,16.59.4,28853
M,19.3.4,1.37.6,15.18.1,8.5.10,2.31.4,30268
M,17.38.4,2.2.6,9.32.1,9.43.10,7.37.3,31858
M,19.40.4,2.22.6,15.20.1,6.28.10,7.48.4,26108
M,18.23.4,1.2.6,14.45.1,9.58.10,26.30.3,19544
M,20.53.4,5.22.6,12.29.1,7.17.10,20.24.4,9371
M,20.1.4,2.53.6,15.8.1,5.46.10,10.46.4,28969
F,20.51.4,5.28.6,12.17.1,7.43.10,20.30.4,25748
M,17.41.4,0.48.6,13.14.1,11.43.10,18.25.3,27036
M,19.16.4,1.51.6,15.22.1,7.30.10,4.19.4,31108
M,20.44.4,4.20.6,13.54.1,5.26.10,17.27.4,27413
M,20.28.4,5.47.6,11.31.1,10.59.10,19.2.4,22967
F,20.40.4,4.10.6,14.6.1,5.20.10,16.46.4,28403
M,20.13.4,5.44.6,11.27.1,12.31.10,17.33.4,30425
M,18.21.4,1.1.6,14.42.1,10.4.10,26.10.3,21062
F,19.34.4,2.13.6,15.22.1,6.44.10,6.52.4,28629
M,17.58.4,0.49.6,14.2.1,11.6.10,22.8.3,28782
M,17.42.4,0.48.6,13.16.1,11.41.10,18.35.3,27314
M,20.30.4,5.47.6,11.32.1,10.46.10,19.13.4,29597
M,17.49.4,2.23.6,8.55.1,8.37.10,6.43.3,32199
M,18.42.4,1.17.6,15.5.1,9.2.10,29.32.3,29300
M,20.43.4,4.19.6,13.56.1,5.25.10,17.21.4,26924
M,17.26.4,1.11.6,11.27.1,11.38.10,12.12.3,25090
M,20.44.4,4.22.6,13.52.1,5.27.10,17.35.4,29627
M,17.45.4,0.48.6,13.26.1,11.36.10,19.18.3,14096
M,17.52.4,2.27.6,8.48.1,8.23.10,6.37.3,27333
M,18.37.4,1.13.6,15.1.1,9.18.10,28.43.3,15855
F,19.15.4,1.51.6,15.22.1,7.30.10,4.18.4,20363
F,18.23.4,1.2.6,14.45.1,9.59.10,26.28.3,28125
M,17.55.4,2.32.6,8.40.1,8.5.10,6.30.3,30947
M,18.11.4,0.55.6,14.27.1,10.32.10,24.29.3,24873
M,18.0.4,0.50.6,14.5.1,11.1.10,22.27.3,17494
M,20.31.4,5.47.6,11.34.1,10.36.10,19.20.4,31164
M,17.55.4,0.48.6,13.54.1,11.14.10,21.27.3,30437
M,18.10.4,0.54.6,14.24.1,10.36.10,24.14.3,27861
M,17.57.4,2.35.6,8.37.1,7.57.10,6.27.3,28934
M,20.52.4,5.26.6,12.21.1,7.34.10,20.29.4,30686
M,20.53.4,5.21.6,12.30.1,7.15.10,20.23.4,24988
M,20.4.4,2.57.6,15.6.1,5.42.10,11.7.4,29075
M,20.50.4,4.42.6,13.27.1,5.48.10,18.44.4,21490
M,20.51.4,4.49.6,13.18.1,5.58.10,19.8.4,29881
M,19.23.4,2.0.6,15.23.1,7.11.10,5.21.4,28783
M,20.13.4,5.44.6,11.27.1,12.33.10,17.31.4,32139
M,20.33.4,3.53.6,14.23.1,5.16.10,15.35.4,29898
M,20.53.4,5.8.6,12.50.1,6.37.10,19.59.4,23117
M,19.54.4,2.42.6,15.13.1,5.59.10,9.46.4,32010